	corpus	piece	corpus_year	piece_year	globalkey	localkey	max_root	min_root	max_ct	min_ct	max_nct	min_nct	RC	CTC	NCTC	CTD	NCTD	r_fifths_range	ct_fifths_range	nct_fifths_range	corpus_id	piece_id
0	gastoldi_baletti	a5_10_Il_Premiato	1591.0	1591.0	G	I	5	-1	9	-3	3	-2	0.0	2.2	0.5	0.0	0.0	6	12	5	1	1
1	peri_euridice	peri_euridice_scene_0	1600.0	1600.0	F	I	3	-2	5	-1	5	-2	0.0344827586206896	0.0	0.5	0.0	0.0	5	6	7	2	2
2	peri_euridice	peri_euridice_scene_1	1600.0	1600.0	G	I	6	-4	7	-4	6	-4	0.0487012987012987	1.5	1.5	1.0	0.0	10	11	10	2	3
3	peri_euridice	peri_euridice_scene_2	1600.0	1600.0	G	I	7	-4	7	-6	11	-4	0.1511976047904191	3.0	2.6666666666666665	1.0	2.6666666666666665	11	13	15	2	4
4	peri_euridice	peri_euridice_scene_3	1600.0	1600.0	G	I	8	-4	9	-4	7	-4	0.0542372881355932	2.5	1.0	1.6666666666666667	0.0	12	13	11	2	5
5	peri_euridice	peri_euridice_scene_4	1600.0	1600.0	D	I	7	-4	8	-10	7	-4	0.1903367496339678	4.666666666666667	3.4285714285714284	4.0	1.0	11	18	11	2	6
6	peri_euridice	peri_euridice_scene_5	1600.0	1600.0	C	I	7	-4	9	-5	7	-4	0.1071428571428571	3.0	2.0	0.0	1.0	11	14	11	2	7
7	monteverdi_madrigals	2-12	1609.1691322587767	1590.0	F	I	5	-2	6	-2	5	-2	0.0222222222222222	0.5	0.5	0.0	0.0	7	8	7	3	8
8	monteverdi_madrigals	3-09	1609.1691322587767	1592.0	F	I	6	-1	6	-1	6	-1	0.0105263157894736	0.5	0.5	0.0	0.5	7	7	7	3	9
9	monteverdi_madrigals	3-11	1609.1691322587767	1592.0	F	I	6	-1	6	-1	6	-1	0.0105263157894736	0.5	0.5	0.0	0.5	7	7	7	3	10
12	monteverdi_madrigals	5-01	1609.1691322587767	1605.0	G	I	6	-4	8	-3	6	-4	0.0625	1.5	1.3333333333333333	1.0	0.5	10	11	10	3	13
31	monteverdi_madrigals	8-18	1609.1691322587767	1638.0	C	I	6	-5	6	-7	6	-5	0.0508474576271186	1.5	1.5	1.5	0.0	11	13	11	3	32
33	monteverdi_madrigals	9-12	1609.1691322587767	1651.0	C	I	5	-4	5	-4	3	-4	0.0	1.6666666666666667	0.0	0.0	0.0	9	9	7	3	34
51	frescobaldi_fiori_musicali	12.17_Canzon_post_il_Comune	1635.0	1635.0	C	I	6	-2	8	-2	6	-2	0.0516431924882629	1.5	0.5	0.0	0.0	8	10	8	5	52
60	frescobaldi_fiori_musicali	12.27_Canzon_dopo_l'Epistola	1635.0	1635.0	C	I	8	-2	8	-3	8	-2	0.1442307692307692	1.5	1.5	0.0	0.0	10	11	10	5	61
64	frescobaldi_fiori_musicali	12.32_Recercar_con_obligo_del_Basso_come_appare	1635.0	1635.0	C	I	8	-4	14	-4	8	-4	0.3127962085308057	3.5	2.0	1.0	0.0	12	18	12	5	65
76	frescobaldi_fiori_musicali	12.46_Bergamasca	1635.0	1635.0	G	I	7	-4	7	-4	7	-3	0.087378640776699	1.5	1.0	0.0	0.0	11	11	10	5	77
77	frescobaldi_fiori_musicali	12.47_Capriccio_sopra_la_Girolmeta	1635.0	1635.0	G	I	8	-2	7	-3	8	-2	0.0779569892473118	1.5	1.5	0.0	1.0	10	10	10	5	78
79	kleine_geistliche_konzerte	op08n02swv283_Bringt_her_dem_Herren	1637.9308224442736	1636.0	C	I	6	-2	8	-2	6	-2	0.0284090909090909	1.5	0.5	0.0	0.0	8	10	8	6	80
82	kleine_geistliche_konzerte	op08n05swv286_Der_Herr_ist_gross	1637.9308224442736	1636.0	G	I	5	-2	7	-2	5	-2	0.0359712230215827	1.0	0.5	1.0	0.5	7	9	7	6	83
84	kleine_geistliche_konzerte	op08n07swv288_Ihr_Heiligen,_lobsinget_dem_Herren	1637.9308224442736	1636.0	D	I	4	-3	7	-2	6	-3	0.0896551724137931	1.0	1.0	0.0	0.5	7	9	9	6	85
87	kleine_geistliche_konzerte	op08n10swv291_Schaffe_in_mir,_Gott,_ein_reines_Herz	1637.9308224442736	1636.0	G	I	5	-3	7	-3	6	-3	0.0865384615384615	1.0	1.75	0.0	2.0	8	10	9	6	88
88	kleine_geistliche_konzerte	op08n11swv292_Der_Herr_schauet_vom_Himmel_auf_der_Menschen_Kinder	1637.9308224442736	1636.0	G	I	4	-3	7	-3	5	-3	0.1111111111111111	1.0	1.0	0.0	0.0	7	10	8	6	89
89	kleine_geistliche_konzerte	op08n12swv293_Lobet_den_Herren,_der_zu_Zion_wohnet	1637.9308224442736	1636.0	G	I	7	-3	7	-2	6	-3	0.0802919708029197	1.0	1.0	0.0	0.0	10	9	9	6	90
90	kleine_geistliche_konzerte	op08n13swv294_Eins_bitte_ich_vom_Herren	1637.9308224442736	1636.0	F	I	4	-2	8	-2	5	-2	0.0242424242424242	1.5	0.5	0.0	0.0	6	10	7	6	91
97	kleine_geistliche_konzerte	op08n21swv302_Ein_Kind_ist_uns_geboren	1637.9308224442736	1636.0	F	I	6	-2	8	-5	6	-2	0.0289855072463768	2.2	0.5	1.0	0.0	8	13	8	6	98
99	kleine_geistliche_konzerte	op08n23swv304_Siehe,_mein_Fürsprecher_im_Himmel	1637.9308224442736	1636.0	G	I	7	-3	9	-3	7	-3	0.0930232558139534	2.0	1.5	1.0	1.0	10	12	10	6	100
101	kleine_geistliche_konzerte	op09n01swv306_Ich_will_den_Herren_loben_allezeit	1637.9308224442736	1639.0	F	I	8	-2	9	-4	5	-2	0.0825688073394495	2.2	0.5	0.0	0.0	10	13	7	6	102
114	kleine_geistliche_konzerte	op09n14swv319_Ich_beuge_meine_Knie_gegen_dem_Vater	1637.9308224442736	1639.0	G	I	7	-3	10	-3	7	-3	0.1534883720930232	3.0	1.0	0.0	0.0	10	13	10	6	115
115	kleine_geistliche_konzerte	op09n15swv320_Ich_bin_jung_gewesen_und_bin_alt_worden	1637.9308224442736	1639.0	F	I	6	-2	8	-2	6	-2	0.0666666666666666	1.5	0.5	0.0	0.0	8	10	8	6	116
122	kleine_geistliche_konzerte	op09n22swv327_Allein_Gott_in_der_Höh	1637.9308224442736	1639.0	G	I	7	-2	7	-2	7	-2	0.0284090909090909	1.0	1.0	0.0	1.0	9	9	9	6	123
123	kleine_geistliche_konzerte	op09n23swv328_Veni,_Sancte_Spiritus	1637.9308224442736	1639.0	G	I	5	-3	8	-3	7	-4	0.0308880308880308	1.5	1.5	0.0	1.5	8	11	11	6	124
127	kleine_geistliche_konzerte	op09n27swv332_Jubilate_Deo_omnis_terra	1637.9308224442736	1639.0	F	I	8	-4	8	-6	8	-2	0.0484330484330484	2.6	2.0	0.0	0.0	12	14	10	6	128
128	kleine_geistliche_konzerte	op09n28swv333_Sei_gegrüßet,_Maria	1637.9308224442736	1639.0	G	I	6	-3	8	-3	6	-4	0.1409574468085106	1.5	1.5	0.0	1.0	9	11	10	6	129
129	kleine_geistliche_konzerte	op09n29swv334_Ave_Maria,_qualis_est	1637.9308224442736	1639.0	G	I	6	-3	8	-3	6	-4	0.1409574468085106	1.5	1.5	0.0	1.0	9	11	10	6	130
133	corelli	op01n01a	1687.686470294558	1681.0	F	I	6	-4	6	-7	6	-4	0.0163934426229508	2.25	0.5	0.0	0.0	10	13	10	7	134
134	corelli	op01n01b	1687.686470294558	1681.0	F	I	5	-3	6	-4	5	-3	0.0	1.3333333333333333	0.5	0.0	0.0	8	10	8	7	135
135	corelli	op01n01c	1687.686470294558	1681.0	F	I	5	-5	6	-5	5	-5	0.1368421052631579	1.5	1.3333333333333333	0.0	0.0	10	11	10	7	136
136	corelli	op01n01d	1687.686470294558	1681.0	F	I	5	-4	5	-9	6	-4	0.0434782608695652	3.333333333333333	1.5	1.5	1.0	9	14	10	7	137
141	corelli	op01n03a	1687.686470294558	1681.0	A	I	5	-1	5	-4	6	-3	0.0454545454545454	1.5	1.3333333333333333	0.0	0.0	6	9	9	7	142
142	corelli	op01n03b	1687.686470294558	1681.0	A	I	6	-1	6	-4	6	-3	0.0044843049327354	1.5	0.5	0.0	0.0	7	10	9	7	143
143	corelli	op01n03c	1687.686470294558	1681.0	A	vi	6	-4	5	-4	6	-4	0.088235294117647	1.3333333333333333	1.3333333333333333	0.0	0.0	10	9	10	7	144
144	corelli	op01n03d	1687.686470294558	1681.0	A	I	5	-4	6	-4	5	-4	0.0	1.3333333333333333	0.5	0.0	0.0	9	10	9	7	145
157	corelli	op01n07a	1687.686470294558	1681.0	C	I	5	-2	6	-4	6	-3	0.0067567567567567	1.3333333333333333	0.5	0.0	0.0	7	10	9	7	158
158	corelli	op01n07b	1687.686470294558	1681.0	C	vi	8	-4	5	-4	8	-4	0.0545454545454545	1.5	1.5	0.0	0.0	12	9	12	7	159
159	corelli	op01n07c	1687.686470294558	1681.0	C	I	6	-5	6	-4	6	-5	0.0355029585798816	1.5	1.3333333333333333	0.0	0.0	11	10	11	7	160
164	corelli	op01n09a	1687.686470294558	1681.0	G	I	6	-1	6	-1	6	-1	0.025	0.5	0.5	0.0	0.0	7	7	7	7	165
165	corelli	op01n09b	1687.686470294558	1681.0	G	I	5	-2	8	-5	6	-2	0.0066666666666666	2.25	0.5	0.0	0.0	7	13	8	7	166
166	corelli	op01n09c	1687.686470294558	1681.0	G	I	6	-2	8	-1	6	-2	0.028169014084507	1.3333333333333333	0.5	0.0	0.0	8	9	8	7	167
167	corelli	op01n09d	1687.686470294558	1681.0	G	I	5	-2	8	-5	8	-2	0.0185185185185185	2.0	1.6666666666666667	0.0	0.0	7	13	10	7	168
177	corelli	op01n12a	1687.686470294558	1681.0	D	I	5	-1	8	-4	5	-1	0.0	1.3333333333333333	0.0	0.0	0.0	6	12	6	7	178
178	corelli	op01n12b	1687.686470294558	1681.0	D	I	8	-2	7	-1	8	-2	0.1089108910891089	1.0	2.0	0.0	1.0	10	8	10	7	179
180	corelli	op01n12d	1687.686470294558	1681.0	D	I	8	-1	8	-4	8	-2	0.0533333333333333	1.3333333333333333	1.3333333333333333	0.0	1.0	9	12	10	7	181
181	corelli	op03n01a	1687.686470294558	1689.0	F	I	5	-1	5	-4	5	-1	0.0	1.3333333333333333	0.0	0.0	0.0	6	9	6	7	182
182	corelli	op03n01b	1687.686470294558	1689.0	F	I	5	-4	8	-4	5	-4	0.0	1.5	0.0	0.0	0.0	9	12	9	7	183
183	corelli	op03n01c	1687.686470294558	1689.0	F	I	6	-5	6	-4	6	-5	0.0434782608695652	1.3333333333333333	1.3333333333333333	0.0	0.0	11	10	11	7	184
184	corelli	op03n01d	1687.686470294558	1689.0	F	I	5	-3	6	-7	5	-2	0.0197368421052631	1.3333333333333333	1.3333333333333333	0.0	0.0	8	13	7	7	185
185	corelli	op03n02a	1687.686470294558	1689.0	D	I	5	-1	8	-2	5	-1	0.0	1.3333333333333333	0.0	0.0	0.0	6	10	6	7	186
186	corelli	op03n02b	1687.686470294558	1689.0	D	I	6	-4	7	-7	6	-4	0.0084745762711864	1.5	0.5	0.0	0.0	10	14	10	7	187
188	corelli	op03n02d	1687.686470294558	1689.0	D	I	6	-4	6	-4	6	-4	0.0578512396694214	1.5	1.3333333333333333	0.0	0.0	10	10	10	7	189
201	corelli	op03n06a	1687.686470294558	1689.0	G	I	6	-4	8	-4	6	-4	0.0446428571428571	1.3333333333333333	1.3333333333333333	0.0	0.0	10	12	10	7	202
203	corelli	op03n06c	1687.686470294558	1689.0	G	I	5	-4	6	-4	5	-3	0.0408163265306122	1.5	1.5	0.0	0.0	9	10	8	7	204
204	corelli	op03n06d	1687.686470294558	1689.0	G	I	6	-1	8	-1	6	-1	0.0167597765363128	1.3333333333333333	0.5	0.0	0.0	7	9	7	7	205
209	corelli	op03n08a	1687.686470294558	1689.0	C	I	5	-4	6	-4	5	-4	0.0348837209302325	1.5	1.5	0.0	0.0	9	10	9	7	210
210	corelli	op03n08b	1687.686470294558	1689.0	C	I	8	-1	9	-1	8	-1	0.0392156862745098	2.25	1.3333333333333333	0.0	0.0	9	10	9	7	211
212	corelli	op03n08d	1687.686470294558	1689.0	C	I	4	-4	8	-4	6	-4	0.0	1.6666666666666667	0.5	0.0	0.0	8	12	10	7	213
225	corelli	op03n12a	1687.686470294558	1689.0	A	I	6	-1	5	-3	6	-1	0.0625	1.0	0.5	0.0	0.0	7	8	7	7	226
226	corelli	op03n12b	1687.686470294558	1689.0	E	I	5	0	4	-1	5	-1	0.0	0.0	0.0	0.0	0.0	5	5	6	7	227
227	corelli	op03n12c	1687.686470294558	1689.0	E	V	6	-1	5	-3	6	-1	0.0263157894736842	1.0	0.5	0.0	0.0	7	8	7	7	228
228	corelli	op03n12d	1687.686470294558	1689.0	A	I	4	-1	5	-1	5	-1	0.0	0.0	0.0	0.0	0.0	5	6	6	7	229
229	corelli	op03n12e	1687.686470294558	1689.0	A	I	6	-1	6	-3	6	-2	0.0131578947368421	1.0	0.5	0.0	0.0	7	9	8	7	230
230	corelli	op03n12f	1687.686470294558	1689.0	A	I	6	-4	6	-4	6	-4	0.015625	1.5	0.5	0.0	0.0	10	10	10	7	231
231	corelli	op03n12g	1687.686470294558	1689.0	A	I	5	-1	8	-4	5	-1	0.0	1.3333333333333333	0.0	0.0	0.0	6	12	6	7	232
232	corelli	op04n01a	1687.686470294558	1694.0	C	I	5	-4	8	-4	5	-4	0.0422535211267605	1.5	1.5	0.0	0.0	9	12	9	7	233
233	corelli	op04n01b	1687.686470294558	1694.0	C	I	5	-1	6	-4	6	-4	0.0	1.3333333333333333	1.3333333333333333	0.0	0.5	6	10	10	7	234
235	corelli	op04n01d	1687.686470294558	1694.0	C	I	5	-5	7	-4	5	-5	0.0075187969924812	1.5	0.5	0.0	0.0	10	11	10	7	236
240	corelli	op04n03a	1687.686470294558	1694.0	A	I	5	-1	8	-1	5	-1	0.0	1.3333333333333333	0.0	0.0	0.0	6	9	6	7	241
241	corelli	op04n03b	1687.686470294558	1694.0	A	I	5	-1	8	-1	6	-1	0.0	1.5	0.5	0.0	0.0	6	9	7	7	242
242	corelli	op04n03c	1687.686470294558	1694.0	A	I	6	-1	8	-1	8	-1	0.0277777777777777	1.3333333333333333	1.3333333333333333	0.0	0.0	7	9	9	7	243
243	corelli	op04n03d	1687.686470294558	1694.0	A	I	6	-1	6	-4	6	-6	0.0149253731343283	1.3333333333333333	1.0	0.0	0.0	7	10	12	7	244
244	corelli	op04n04a	1687.686470294558	1694.0	D	I	8	-1	8	-1	8	-2	0.0454545454545454	1.5	1.3333333333333333	0.0	0.0	9	9	10	7	245
245	corelli	op04n04b	1687.686470294558	1694.0	D	I	5	-1	6	-4	5	-3	0.0384615384615384	1.3333333333333333	1.5	0.0	0.0	6	10	8	7	246
247	corelli	op04n04d	1687.686470294558	1694.0	D	I	7	-1	9	-4	7	-3	0.0380952380952381	2.2	1.3333333333333333	0.0	0.0	8	13	10	7	248
252	corelli	op04n06a	1687.686470294558	1694.0	E	I	4	-1	6	-1	4	-1	0.0	0.5	0.0	0.0	0.0	5	7	5	7	253
253	corelli	op04n06b	1687.686470294558	1694.0	E	I	5	-1	6	-1	5	-1	0.0	0.5	0.0	0.0	0.0	6	7	6	7	254
255	corelli	op04n06d	1687.686470294558	1694.0	E	I	6	-1	6	-4	6	-1	0.0175438596491228	1.3333333333333333	0.5	0.0	0.0	7	10	7	7	256
257	corelli	op04n06f	1687.686470294558	1694.0	E	I	8	-1	8	-2	8	-2	0.1066666666666666	1.3333333333333333	1.3333333333333333	0.0	1.0	9	10	10	7	258
258	corelli	op04n06g	1687.686470294558	1694.0	E	I	5	-4	7	-7	5	-4	0.0	2.2	3.0	0.0	0.0	9	14	9	7	259
259	corelli	op04n07a	1687.686470294558	1694.0	F	I	4	-1	5	-4	5	-3	0.0	1.3333333333333333	0.0	0.0	0.0	5	9	8	7	260
260	corelli	op04n07b	1687.686470294558	1694.0	F	I	5	-2	5	-4	5	-1	0.0396039603960396	1.3333333333333333	1.5	0.0	0.0	7	9	6	7	261
262	corelli	op04n07d	1687.686470294558	1694.0	F	I	5	-1	8	-3	6	-3	0.0	1.3333333333333333	0.5	0.0	0.0	6	11	9	7	263
263	corelli	op04n07e	1687.686470294558	1694.0	F	I	5	-2	8	-2	8	-1	0.0108695652173913	1.3333333333333333	1.5	0.0	0.0	7	10	9	7	264
271	corelli	op04n10a	1687.686470294558	1694.0	G	I	6	0	5	0	6	0	0.25	0.0	0.5	0.0	0.0	6	5	6	7	272
272	corelli	op04n10b	1687.686470294558	1694.0	G	I	5	-5	8	-6	6	-5	0.0388349514563106	1.5	1.3333333333333333	0.0	0.0	10	14	11	7	273
273	corelli	op04n10c	1687.686470294558	1694.0	G	I	3	-1	5	-1	3	-1	0.0	0.0	0.0	0.0	0.0	4	6	4	7	274
275	corelli	op04n10e	1687.686470294558	1694.0	G	I	5	-4	8	-8	6	-4	0.0	2.25	1.3333333333333333	0.0	0.0	9	16	10	7	276
283	couperin_clavecin	01_premier_prelude	1717.0	1717.0	C	I	5	-1	7	-2	6	-2	0.0	1.0	0.5	1.0	0.0	6	9	8	8	284
286	couperin_clavecin	04_quatrieme_prelude	1717.0	1717.0	F	I	5	-2	6	-3	5	-2	0.0142857142857142	1.0	0.5	0.0	0.0	7	9	7	8	287
287	couperin_clavecin	05_cinquieme_prelude	1717.0	1717.0	A	I	6	-2	8	-4	8	-4	0.1827956989247312	2.2	1.5	1.6666666666666667	1.0	8	12	12	8	288
291	handel_keyboard	hwv430d_Grobschmied_Aria	1720.0	1720.0	E	I	5	-1	6	-1	5	-1	0.0	0.5	0.0	0.0	0.0	6	7	6	9	292
292	handel_keyboard	hwv430d_Grobschmied_Var1	1720.0	1720.0	E	I	5	-1	6	-1	5	-1	0.0	0.5	0.0	0.0	0.0	6	7	6	9	293
293	handel_keyboard	hwv430d_Grobschmied_Var2	1720.0	1720.0	E	I	5	-1	6	-1	5	-1	0.0	0.5	0.0	0.0	0.0	6	7	6	9	294
294	handel_keyboard	hwv430d_Grobschmied_Var3	1720.0	1720.0	E	I	5	-1	6	-1	6	-1	0.0	0.5	0.5	0.0	0.0	6	7	7	9	295
295	handel_keyboard	hwv430d_Grobschmied_Var4	1720.0	1720.0	E	I	6	-1	6	-1	6	-1	0.0307692307692307	0.5	0.5	0.0	0.0	7	7	7	9	296
296	handel_keyboard	hwv430d_Grobschmied_Var5	1720.0	1720.0	E	I	5	-1	6	-1	6	-2	0.0	0.5	0.5	0.0	0.0	6	7	8	9	297
311	bach_solo	BWV1003_03_Andante	1721.534605525491	1720.0	C	I	8	-2	8	-9	8	-3	0.3043478260869565	3.2	1.5	5.0	1.0	10	17	11	10	312
315	bach_solo	BWV1005_02_Fuga	1721.534605525491	1720.0	C	I	9	-5	9	-4	9	-7	0.1151761517615176	2.5	2.0	1.6666666666666667	1.0	14	13	16	10	316
316	bach_solo	BWV1006_04_Menuett	1721.534605525491	1720.0	E	I	8	-1	8	-2	8	-2	0.040650406504065	1.5	1.3333333333333333	0.0	0.0	9	10	10	10	317
317	bach_solo	BWV1006_05_Bourée	1721.534605525491	1720.0	E	I	7	-2	8	-2	7	-2	0.0566037735849056	1.5	1.0	0.0	0.0	9	10	9	10	318
318	bach_solo	BWV1006_06_Gigue	1721.534605525491	1720.0	E	I	7	-1	7	-2	7	-2	0.0816326530612244	1.0	1.0	0.0	1.0	8	9	9	10	319
319	bach_solo	BWV1007_01_Prelude	1721.534605525491	1723.0	G	I	8	-1	6	-3	8	-4	0.109090909090909	1.0	3.1666666666666665	0.0	3.75	9	9	12	10	320
320	bach_solo	BWV1007_02_Allemande	1721.534605525491	1723.0	G	I	8	-3	7	-2	8	-3	0.1527777777777778	1.0	1.5	0.0	1.0	11	9	11	10	321
321	bach_solo	BWV1007_03_Courante	1721.534605525491	1723.0	G	I	5	-2	8	-2	5	-2	0.015625	1.3333333333333333	0.5	0.0	0.0	7	10	7	10	322
322	bach_solo	BWV1007_04_Sarabande	1721.534605525491	1723.0	G	I	8	-1	8	-2	7	-1	0.119047619047619	1.3333333333333333	1.0	0.0	1.0	9	10	8	10	323
323	bach_solo	BWV1007_05_MenuetI	1721.534605525491	1723.0	G	I	8	-1	8	-2	8	-1	0.1515151515151515	1.3333333333333333	1.6666666666666667	0.0	0.0	9	10	9	10	324
325	bach_solo	BWV1007_07_Gique	1721.534605525491	1723.0	G	I	6	-1	8	-4	6	-3	0.0172413793103448	1.5	1.0	0.0	0.0	7	12	9	10	326
331	bach_solo	BWV1008_06_MenuetII	1721.534605525491	1723.0	D	I	8	-1	5	-2	8	-1	0.3225806451612903	0.5	1.6666666666666667	0.0	1.0	9	7	9	10	332
333	bach_solo	BWV1009_01_Prelude	1721.534605525491	1723.0	C	I	9	-1	9	-4	9	-1	0.0833333333333333	2.2	3.4	0.0	1.6666666666666667	10	13	10	10	334
334	bach_solo	BWV1009_02_Allemande	1721.534605525491	1723.0	C	I	5	-4	7	-4	5	-4	0.0673076923076923	1.5	1.3333333333333333	0.0	1.0	9	11	9	10	335
335	bach_solo	BWV1009_03_Courante	1721.534605525491	1723.0	C	I	8	-4	7	-4	8	-4	0.1358024691358024	1.5	1.5	0.0	1.0	12	11	12	10	336
336	bach_solo	BWV1009_04_Sarabande	1721.534605525491	1723.0	C	I	6	-1	6	-4	6	-3	0.2037037037037037	1.5	1.5	1.0	1.0	7	10	9	10	337
337	bach_solo	BWV1009_05_BourréeI	1721.534605525491	1723.0	C	I	5	-1	6	-4	5	-3	0.0	1.3333333333333333	1.3333333333333333	0.0	0.0	6	10	8	10	338
339	bach_solo	BWV1009_07_Gique	1721.534605525491	1723.0	C	I	5	-5	6	-4	6	-5	0.0642201834862385	1.3333333333333333	3.0	0.0	1.6666666666666667	10	10	11	10	340
354	bach_solo	BWV1012_01_Prelude	1721.534605525491	1723.0	D	I	6	-5	6	-5	6	-5	0.213903743315508	2.0	2.833333333333333	2.0	1.6666666666666667	11	11	11	10	355
355	bach_solo	BWV1012_02_Allemande	1721.534605525491	1723.0	D	I	9	-1	9	-2	9	-2	0.1923076923076923	2.0	1.75	0.0	1.0	10	11	11	10	356
356	bach_solo	BWV1012_03_Courante	1721.534605525491	1723.0	D	I	8	-2	8	-2	8	-2	0.0941176470588235	1.5	2.0	0.0	1.3333333333333333	10	10	10	10	357
357	bach_solo	BWV1012_04_Sarabande	1721.534605525491	1723.0	D	I	7	-2	8	-3	7	-3	0.1551724137931034	1.5	1.0	0.0	1.0	9	11	10	10	358
358	bach_solo	BWV1012_05_GavotteI	1721.534605525491	1723.0	D	I	5	-1	6	-4	5	-3	0.0545454545454545	1.3333333333333333	1.5	0.0	0.0	6	10	8	10	359
359	bach_solo	BWV1012_06_GavotteII	1721.534605525491	1723.0	D	I	5	-1	5	-2	5	-1	0.0	0.5	0.0	0.0	0.0	6	7	6	10	360
360	bach_solo	BWV1012_07_Gique	1721.534605525491	1723.0	D	I	6	-5	9	-4	6	-5	0.0458715596330275	2.25	1.3333333333333333	0.0	1.0	11	13	11	10	361
365	bach_en_fr_suites	BWV806_01_Prelude	1721.7536076006097	1720.0	A	I	6	-4	6	-5	6	-5	0.0471204188481675	1.5	1.5	1.5	0.0	10	11	11	11	366
366	bach_en_fr_suites	BWV806_02_Allemande	1721.7536076006097	1720.0	A	I	7	-4	7	-4	7	-5	0.1041666666666666	1.5	1.5	1.6666666666666667	0.5	11	11	12	11	367
367	bach_en_fr_suites	BWV806_03_Courante_I	1721.7536076006097	1720.0	A	I	8	-1	8	-1	8	-1	0.0879120879120879	1.5	1.5	0.0	0.0	9	9	9	11	368
368	bach_en_fr_suites	BWV806_04_Courante_II	1721.7536076006097	1720.0	A	I	6	-4	7	-4	6	-4	0.0576923076923076	1.5	1.3333333333333333	0.0	1.5	10	11	10	11	369
369	bach_en_fr_suites	BWV806_05_Double_I	1721.7536076006097	1720.0	A	I	6	-4	7	-4	6	-4	0.0594059405940594	1.5	1.3333333333333333	0.0	1.5	10	11	10	11	370
370	bach_en_fr_suites	BWV806_06_Double_II	1721.7536076006097	1720.0	A	I	7	-4	7	-4	7	-4	0.06	1.5	1.5	0.0	1.5	11	11	11	11	371
371	bach_en_fr_suites	BWV806_07_Sarabande	1721.7536076006097	1720.0	A	I	7	-5	12	-4	7	-5	0.1805555555555555	3.333333333333333	2.2	4.5	2.0	12	16	12	11	372
372	bach_en_fr_suites	BWV806_08_Bouree_I	1721.7536076006097	1720.0	A	I	6	-2	7	-4	7	-2	0.0285714285714285	1.5	1.0	0.0	0.0	8	11	9	11	373
374	bach_en_fr_suites	BWV806_10_Gigue	1721.7536076006097	1720.0	A	I	7	-1	7	-3	7	-2	0.0327868852459016	1.0	1.0	0.0	1.0	8	10	9	11	375
381	bach_en_fr_suites	BWV807_06_Bourree_II	1721.7536076006097	1720.0	A	I	6	-1	8	-2	8	-2	0.0144927536231884	1.5	1.3333333333333333	0.0	1.5	7	10	10	11	382
389	bach_en_fr_suites	BWV808_06_Gavotte_II	1721.7536076006097	1720.0	G	I	5	-1	5	-1	5	-1	0.0	0.0	0.0	0.0	0.0	6	6	6	11	390
391	bach_en_fr_suites	BWV809_01_Prelude	1721.7536076006097	1720.0	F	I	6	-5	7	-5	6	-5	0.1683569979716024	3.0	2.0	1.6666666666666667	1.6666666666666667	11	12	11	11	392
392	bach_en_fr_suites	BWV809_02_Allemande	1721.7536076006097	1720.0	F	I	8	-4	6	-4	8	-4	0.2473118279569892	1.5	2.0	1.5	1.75	12	10	12	11	393
393	bach_en_fr_suites	BWV809_03_Courante	1721.7536076006097	1720.0	F	I	5	-1	8	-4	6	-2	0.0454545454545454	1.3333333333333333	2.0	0.0	0.0	6	12	8	11	394
394	bach_en_fr_suites	BWV809_04_Sarabande	1721.7536076006097	1720.0	F	I	8	-1	12	-5	8	-3	0.2542372881355932	2.6	2.2	2.5	2.5	9	17	11	11	395
395	bach_en_fr_suites	BWV809_05_Menuett_I	1721.7536076006097	1720.0	F	I	6	-4	7	-4	6	-4	0.0526315789473684	1.5	1.3333333333333333	0.0	0.0	10	11	10	11	396
397	bach_en_fr_suites	BWV809_07_Gigue	1721.7536076006097	1720.0	F	I	8	-1	7	-4	8	-4	0.1030927835051546	1.5	1.5	0.0	0.0	9	11	12	11	398
403	bach_en_fr_suites	BWV810_06_Passepied_II	1721.7536076006097	1720.0	E	I	6	-1	6	-2	6	-1	0.0461538461538461	0.5	0.5	0.0	0.0	7	8	7	11	404
411	bach_en_fr_suites	BWV811_07_Gavotte_II	1721.7536076006097	1720.0	D	I	6	-1	5	-2	6	-2	0.0405405405405405	0.5	0.5	0.0	0.0	7	7	8	11	412
439	bach_en_fr_suites	BWV816_01_Allemande	1721.7536076006097	1725.0	G	I	5	-4	8	-4	8	-4	0.0492957746478873	1.5	1.3333333333333333	0.0	1.6666666666666667	9	12	12	11	440
440	bach_en_fr_suites	BWV816_02_Courante	1721.7536076006097	1725.0	G	I	6	-1	8	-4	6	-4	0.0602409638554216	1.3333333333333333	2.0	0.0	1.5	7	12	10	11	441
441	bach_en_fr_suites	BWV816_03_Sarabande	1721.7536076006097	1725.0	G	I	5	-4	7	-4	5	-4	0.0288461538461538	1.5	1.5	0.0	0.0	9	11	9	11	442
442	bach_en_fr_suites	BWV816_04_Gavotte	1721.7536076006097	1725.0	G	I	8	-1	8	-2	8	-1	0.2388059701492537	1.3333333333333333	1.3333333333333333	0.0	1.0	9	10	9	11	443
443	bach_en_fr_suites	BWV816_05_Bourree	1721.7536076006097	1725.0	G	I	8	-2	8	-9	8	-2	0.1081081081081081	3.2	2.0	4.333333333333333	2.0	10	17	10	11	444
444	bach_en_fr_suites	BWV816_06_Loure	1721.7536076006097	1725.0	G	I	8	-2	8	-2	8	-2	0.125	1.5	1.5	0.0	1.0	10	10	10	11	445
445	bach_en_fr_suites	BWV816_07_Gigue	1721.7536076006097	1725.0	G	I	8	-1	8	-2	8	-2	0.0822784810126582	1.5	2.4	0.0	2.333333333333333	9	10	10	11	446
446	bach_en_fr_suites	BWV817_01_Allemande	1721.7536076006097	1725.0	E	I	8	-5	6	-5	8	-6	0.1287128712871287	1.3333333333333333	1.5	0.0	1.5	13	11	14	11	447
447	bach_en_fr_suites	BWV817_02_Courante	1721.7536076006097	1725.0	E	I	6	-4	6	-5	6	-4	0.0967741935483871	1.5	1.5	0.0	1.3333333333333333	10	11	10	11	448
448	bach_en_fr_suites	BWV817_03_Sarabande	1721.7536076006097	1725.0	E	I	7	-1	8	-4	7	-4	0.1111111111111111	1.5	1.5	1.0	1.0	8	12	11	11	449
449	bach_en_fr_suites	BWV817_04_Gavotte	1721.7536076006097	1725.0	E	I	7	-1	8	-2	7	-1	0.0689655172413793	1.5	1.0	0.0	0.5	8	10	8	11	450
450	bach_en_fr_suites	BWV817_05_Polonaise	1721.7536076006097	1725.0	E	I	6	-1	12	-4	7	-5	0.1641791044776119	2.6	2.0	2.5	2.0	7	16	12	11	451
451	bach_en_fr_suites	BWV817_06_Bourree	1721.7536076006097	1725.0	E	I	5	-1	8	-4	7	-4	0.024793388429752	1.5	2.0	0.0	1.0	6	12	11	11	452
452	bach_en_fr_suites	BWV817_07_Gigue	1721.7536076006097	1725.0	E	I	6	-4	8	-4	7	-4	0.0775862068965517	1.5	2.2	1.5	1.6666666666666667	10	12	11	11	453
453	bach_en_fr_suites	BWV817_08_Menuett	1721.7536076006097	1725.0	E	I	8	-1	6	-2	8	-1	0.0638297872340425	0.5	1.3333333333333333	0.0	0.0	9	8	9	11	454
454	couperin_concerts	c01n01_prelude	1723.4204871060172	1722.0	G	I	5	-3	6	-4	5	-3	0.032258064516129	1.5	1.5	0.0	0.0	8	10	8	12	455
455	couperin_concerts	c01n02_allemande	1723.4204871060172	1722.0	G	I	4	-1	7	-4	5	-4	0.0	1.5	0.5	0.0	0.0	5	11	9	12	456
458	couperin_concerts	c01n05_gigue	1723.4204871060172	1722.0	G	I	4	-4	6	-6	6	-4	0.0	1.5	0.5	0.0	0.0	8	12	10	12	459
460	couperin_concerts	c02n01_prelude	1723.4204871060172	1722.0	D	I	5	-1	6	-2	5	-2	0.0	0.5	0.5	0.0	0.0	6	8	7	12	461
461	couperin_concerts	c02n02_allemande_fuguee	1723.4204871060172	1722.0	D	I	5	-4	6	-4	6	-4	0.0083333333333333	1.3333333333333333	0.5	0.0	0.0	9	10	10	12	462
464	couperin_concerts	c02n05_echos	1723.4204871060172	1722.0	D	I	4	-4	5	-4	5	-4	0.0275862068965517	1.3333333333333333	1.0	0.0	0.0	8	9	9	12	465
465	couperin_concerts	c03n01_prelude	1723.4204871060172	1722.0	A	I	5	-1	6	-1	5	-1	0.0	0.5	0.0	0.0	0.0	6	7	6	12	466
466	couperin_concerts	c03n02_allemande	1723.4204871060172	1722.0	A	I	5	-4	5	-4	5	-4	0.0	1.5	0.0	0.0	0.0	9	9	9	12	467
470	couperin_concerts	c03n06_musette_1	1723.4204871060172	1722.0	A	I	2	-1	5	-4	5	-4	0.0	1.5	1.5	0.0	1.5	3	9	9	12	471
471	couperin_concerts	c03n07_musette_2	1723.4204871060172	1722.0	A	I	3	-1	5	-4	5	-4	0.0344827586206896	1.6666666666666667	1.3333333333333333	0.0	1.5	4	9	9	12	472
475	couperin_concerts	c04n03_courante_francoise	1723.4204871060172	1722.0	E	I	3	-4	7	-3	5	-4	0.0	1.5	0.5	1.0	0.0	7	10	9	12	476
477	couperin_concerts	c04n05_sarabande	1723.4204871060172	1722.0	E	I	5	-4	6	-4	5	-4	0.0	1.3333333333333333	0.0	0.0	0.0	9	10	9	12	478
478	couperin_concerts	c04n06_rigaudon	1723.4204871060172	1722.0	E	I	3	-1	6	-4	6	-4	0.0	1.3333333333333333	1.6666666666666667	0.0	1.5	4	10	10	12	479
479	couperin_concerts	c04n07_forlane	1723.4204871060172	1722.0	E	I	3	-1	6	-4	5	-4	0.0	2.25	1.3333333333333333	0.0	0.0	4	10	9	12	480
480	couperin_concerts	c05n01_prelude	1723.4204871060172	1724.0	F	I	5	-4	8	-4	7	-5	0.0217391304347826	1.5	1.0	0.0	0.5	9	12	12	12	481
481	couperin_concerts	c05n02_allemande	1723.4204871060172	1724.0	F	I	5	-4	5	-4	5	-4	0.0	1.3333333333333333	1.5	0.0	0.0	9	9	9	12	482
484	couperin_concerts	c05n05_musete	1723.4204871060172	1724.0	F	I	5	-4	5	-4	5	-4	0.0254237288135593	1.3333333333333333	2.0	0.0	0.0	9	9	9	12	485
496	couperin_concerts	c08n01_ouverture	1723.4204871060172	1724.0	G	I	4	-4	8	-4	6	-4	0.0	2.2	1.5	0.0	1.6666666666666667	8	12	10	12	497
500	couperin_concerts	c08n05_air_leger	1723.4204871060172	1724.0	G	I	2	-1	5	-1	5	-2	0.0	0.0	0.5	0.0	0.0	3	6	7	12	501
501	couperin_concerts	c08n06_Loure	1723.4204871060172	1724.0	G	I	3	-4	6	-4	5	-4	0.0	1.3333333333333333	0.0	0.0	0.0	7	10	9	12	502
503	couperin_concerts	c08n08_sarabande	1723.4204871060172	1724.0	G	I	3	-4	5	-4	5	-4	0.0	1.5	0.5	0.0	0.0	7	9	9	12	504
504	couperin_concerts	c08n09_air_leger	1723.4204871060172	1724.0	G	I	3	-1	6	-4	5	-3	0.0	1.3333333333333333	0.5	0.0	0.0	4	10	8	12	505
506	couperin_concerts	c08n11_air_baccantes	1723.4204871060172	1724.0	G	I	3	-1	7	-4	5	-4	0.0	1.5	1.3333333333333333	0.0	0.0	4	11	9	12	507
507	couperin_concerts	c09n01_charme	1723.4204871060172	1724.0	E	I	4	-4	6	-4	5	-4	0.0	1.5	0.5	0.0	0.0	8	10	9	12	508
508	couperin_concerts	c09n02_lenjouement	1723.4204871060172	1724.0	E	I	5	-4	6	-4	5	-4	0.0	1.3333333333333333	1.3333333333333333	0.0	1.5	9	10	9	12	509
509	couperin_concerts	c09n03_graces	1723.4204871060172	1724.0	E	I	5	-4	6	-4	6	-4	0.0	1.5	0.5	0.0	0.0	9	10	10	12	510
510	couperin_concerts	c09n04_Lejene	1723.4204871060172	1724.0	E	I	4	-1	9	-4	5	-3	0.0	2.6	0.0	0.0	0.0	5	13	8	12	511
511	couperin_concerts	c09n05_vivacite	1723.4204871060172	1724.0	E	I	5	-4	6	-4	6	-4	0.0	1.5	2.0	0.0	1.5	9	10	10	12	512
517	couperin_concerts	c10n03_plainte	1723.4204871060172	1724.0	A	I	5	-1	5	-4	5	-4	0.108433734939759	1.3333333333333333	2.0	0.0	1.3333333333333333	6	9	9	12	518
518	couperin_concerts	c10n04_tromba	1723.4204871060172	1724.0	A	I	4	-1	5	-1	5	-2	0.0	0.0	0.5	0.0	0.0	5	6	7	12	519
523	couperin_concerts	c11n05_seconde_courante	1723.4204871060172	1724.0	C	I	4	-4	8	-4	6	-4	0.0	1.5	0.5	0.0	0.0	8	12	10	12	524
533	couperin_concerts	parnasse_03	1723.4204871060172	1724.0	D	I	5	-4	6	-4	6	-4	0.0	1.5	1.5	0.0	1.5	9	10	10	12	534
534	couperin_concerts	parnasse_04	1723.4204871060172	1724.0	D	I	4	-4	5	-4	8	-4	0.0	1.5	2.0	0.0	1.0	8	9	12	12	535
535	couperin_concerts	parnasse_05	1723.4204871060172	1724.0	D	I	5	-4	6	-4	5	-4	0.03	1.5	1.6666666666666667	0.0	1.0	9	10	9	12	536
536	couperin_concerts	parnasse_06	1723.4204871060172	1724.0	D	I	3	-4	6	-4	5	-5	0.0	2.2	1.0	0.0	0.0	7	10	10	12	537
545	scarlatti_sonatas	K002	1741.1259598104884	1739.0	G	I	7	-1	5	-4	7	-1	0.0416666666666666	1.5	1.0	0.0	0.0	8	9	8	14	546
549	scarlatti_sonatas	K006	1741.1259598104884	1739.0	F	I	8	-4	8	-4	8	-4	0.1136363636363636	1.5	2.0	0.0	2.0	12	12	12	14	550
556	scarlatti_sonatas	K013	1741.1259598104884	1739.0	G	I	7	-4	8	-4	8	-4	0.0920502092050209	1.5	2.0	0.0	1.0	11	12	12	14	557
557	scarlatti_sonatas	K014	1741.1259598104884	1739.0	G	I	6	-4	8	-4	8	-4	0.0704225352112676	1.6666666666666667	2.0	1.5	1.5	10	12	12	14	558
558	scarlatti_sonatas	K017	1741.1259598104884	1739.0	F	I	5	-4	8	-4	5	-4	0.0357142857142857	2.2	1.5	0.0	1.6666666666666667	9	12	9	14	559
561	scarlatti_sonatas	K020	1741.1259598104884	1739.0	E	I	5	-4	6	-5	7	-5	0.0486111111111111	2.2	3.571428571428572	1.5	2.0	9	11	12	14	562
562	scarlatti_sonatas	K021	1741.1259598104884	1739.0	D	I	5	-1	8	-4	8	-4	0.0	2.2	2.0	1.5	0.0	6	12	12	14	563
564	scarlatti_sonatas	K023	1741.1259598104884	1739.0	D	I	5	-3	6	-5	6	-4	0.0112359550561797	2.2	3.0	0.0	2.0	8	11	10	14	565
569	scarlatti_sonatas	K033	1741.1259598104884	1739.0	D	I	5	-3	5	-6	6	-4	0.1351351351351351	1.6666666666666667	2.6	0.0	1.5	8	11	10	14	570
574	scarlatti_sonatas	K039	1741.1259598104884	1739.0	A	I	6	-4	5	-4	6	-4	0.1990291262135922	1.5	1.5	1.0	0.5	10	9	10	14	575
576	scarlatti_sonatas	K044	1741.1259598104884	1742.0	F	I	5	-3	6	-5	9	-4	0.0631067961165048	2.2	2.5	1.6666666666666667	1.5	8	11	13	14	577
577	scarlatti_sonatas	K046	1741.1259598104884	1742.0	E	I	6	-4	12	-5	6	-5	0.10625	3.857142857142857	1.5	3.0	1.0	10	17	11	14	578
580	scarlatti_sonatas	K049	1741.1259598104884	1742.0	C	I	5	-2	9	-5	8	-5	0.0226415094339622	2.0	2.5	1.0	1.5	7	14	13	14	581
584	scarlatti_sonatas	K053	1741.1259598104884	1742.0	D	I	5	-4	5	-4	5	-4	0.0671641791044776	2.2	1.5	0.0	1.0	9	9	9	14	585
586	scarlatti_sonatas	K055	1741.1259598104884	1742.0	G	I	5	-2	7	-5	7	-5	0.0051020408163265	2.2	2.6	1.5	1.6666666666666667	7	12	12	14	587
589	scarlatti_sonatas	K059	1741.1259598104884	1742.0	F	I	5	-5	6	-4	5	-5	0.2916666666666667	1.5	1.5	0.0	1.0	10	10	10	14	590
591	scarlatti_sonatas	K062	1741.1259598104884	1742.0	A	I	6	-3	5	-7	6	-7	0.5483870967741935	1.5	2.833333333333333	1.6666666666666667	1.0	9	12	13	14	592
592	scarlatti_sonatas	K063	1741.1259598104884	1742.0	G	I	5	-5	5	-4	6	-5	0.0701754385964912	1.6666666666666667	1.6666666666666667	0.0	1.5	10	9	11	14	593
594	scarlatti_sonatas	K065	1741.1259598104884	1742.0	A	I	8	-5	7	-4	8	-5	0.1194029850746268	1.5	2.0	0.0	0.0	13	11	13	14	595
599	scarlatti_sonatas	K071	1741.1259598104884	1742.0	G	I	6	-1	6	-4	6	-4	0.0227272727272727	2.2	1.5	0.0	1.5	7	10	10	14	600
600	scarlatti_sonatas	K072	1741.1259598104884	1742.0	C	I	6	-1	9	-4	10	-4	0.0076335877862595	2.2	2.5	0.0	0.0	7	13	14	14	601
601	scarlatti_sonatas	K074	1741.1259598104884	1742.0	A	I	5	-1	5	-2	5	-1	0.0	0.5	0.0	0.0	0.0	6	7	6	14	602
602	scarlatti_sonatas	K075	1741.1259598104884	1742.0	G	I	6	-1	6	-5	6	-3	0.0103092783505154	2.2	1.0	1.5	0.0	7	11	9	14	603
606	scarlatti_sonatas	K094	1741.1259598104884	1746.0	F	I	5	-5	5	-4	7	-5	0.0727272727272727	1.6666666666666667	1.75	1.5	1.0	10	9	12	14	607
607	scarlatti_sonatas	K095	1741.1259598104884	1746.0	C	I	5	-1	6	-2	5	-1	0.0	0.5	0.0	0.0	0.0	6	8	6	14	608
608	scarlatti_sonatas	K096	1741.1259598104884	1746.0	D	I	6	-4	8	-5	6	-5	0.031700288184438	2.5	2.0	1.5	0.5	10	13	11	14	609
612	scarlatti_sonatas	K100	1741.1259598104884	1749.0	C	I	6	-1	7	-3	7	-2	0.0629370629370629	1.5	1.0	1.5	1.0	7	10	9	14	613
613	wf_bach_sonatas	F001_n08a	1760.0	1760.0	C	I	10	-1	10	-4	10	-4	0.1428571428571428	3.142857142857143	4.142857142857143	1.6666666666666667	2.0	11	14	14	15	614
614	wf_bach_sonatas	F001_n08b	1760.0	1760.0	C	I	8	-4	6	-12	9	-5	0.4	3.5	2.0	5.0	2.0	12	18	14	15	615
615	wf_bach_sonatas	F001_n08c	1760.0	1760.0	C	I	9	-2	8	-9	10	-3	0.0930232558139534	3.2	2.5	3.75	1.0	11	17	13	15	616
616	wf_bach_sonatas	F002_n07a	1760.0	1760.0	C	I	6	-4	6	-5	9	-4	0.2700729927007299	2.2	2.833333333333333	0.0	1.5	10	11	13	15	617
618	wf_bach_sonatas	F002_n07c	1760.0	1760.0	C	I	9	-2	8	-2	9	-2	0.0736196319018405	1.5	2.0	0.0	1.6666666666666667	11	10	11	15	619
619	wf_bach_sonatas	F003_n04a	1760.0	1760.0	D	I	9	-1	10	-4	9	-2	0.1423948220064725	2.833333333333333	2.0	1.0	1.0	10	14	11	15	620
621	wf_bach_sonatas	F003_n04c	1760.0	1760.0	D	I	8	-4	8	-5	10	-4	0.176056338028169	2.2	3.5	1.6666666666666667	2.0	12	13	14	15	622
624	jc_bach_sonatas	wa02op05no2a_Allegro_di_molto	1772.6041876384136	1765.0	D	I	7	-1	8	-2	9	-2	0.0192307692307692	1.5	2.0	0.0	2.0	8	10	11	16	625
625	jc_bach_sonatas	wa02op05no2b_Andante_di_molto	1772.6041876384136	1765.0	G	I	7	-1	7	-4	8	-2	0.0347826086956521	1.5	1.5	0.0	0.5	8	11	10	16	626
626	jc_bach_sonatas	wa02op05no2c_Minuetto	1772.6041876384136	1765.0	D	I	6	-1	7	-1	6	-2	0.0169491525423728	1.0	0.5	0.0	0.0	7	8	8	16	627
628	jc_bach_sonatas	wa03op05no3a_Allegro	1772.6041876384136	1765.0	G	I	7	-1	7	-4	8	-5	0.1739130434782608	1.5	2.0	0.0	1.5	8	11	13	16	629
629	jc_bach_sonatas	wa03op05no3b_Allegretto	1772.6041876384136	1765.0	G	I	6	-1	6	-1	9	-1	0.0677966101694915	0.5	2.5	0.0	1.75	7	7	10	16	630
632	jc_bach_sonatas	wa05op05no5a_Allegro_Assai	1772.6041876384136	1765.0	E	I	6	-4	6	-7	8	-4	0.1067961165048543	1.5	2.6	0.0	2.0	10	13	12	16	633
633	jc_bach_sonatas	wa05op05no5b_Adagio	1772.6041876384136	1765.0	A	I	7	-1	7	-2	8	-2	0.0314960629921259	1.0	2.0	0.0	2.333333333333333	8	9	10	16	634
634	jc_bach_sonatas	wa05op05no5c_Prestissimo	1772.6041876384136	1765.0	E	I	5	-4	6	-5	8	-4	0.0738916256157635	2.2	2.0	0.0	1.6666666666666667	9	11	12	16	635
638	jc_bach_sonatas	wa07op17no1a_Minuetto_Con_Variatione	1772.6041876384136	1780.0	G	I	7	-1	7	-2	9	-2	0.0280898876404494	1.0	1.75	0.0	0.5	8	9	11	16	639
644	jc_bach_sonatas	wa10op17no4a_Allegro	1772.6041876384136	1780.0	G	I	6	-5	8	-5	9	-5	0.0723981900452488	1.5	2.5	1.0	2.4	11	13	14	16	645
645	jc_bach_sonatas	wa10op17no4b_Presto_Assai	1772.6041876384136	1780.0	G	I	7	-2	7	-1	9	-2	0.0256410256410256	1.0	2.0	0.0	0.0	9	8	11	16	646
646	jc_bach_sonatas	wa11op17no5a_Allegro	1772.6041876384136	1780.0	A	I	7	-1	8	-5	9	-4	0.0628019323671497	1.5	2.6	0.0	1.3333333333333333	8	13	13	16	647
647	jc_bach_sonatas	wa11op17no5b_Presto	1772.6041876384136	1780.0	A	I	8	-1	7	-4	8	-2	0.03125	1.5	1.5	0.0	0.5	9	11	10	16	648
651	mozart_piano_sonatas	K279-1	1780.7395798599532	1775.0	C	I	8	-2	9	-4	9	-3	0.0528455284552845	2.0	2.5	1.0	1.5	10	13	12	17	652
652	mozart_piano_sonatas	K279-2	1780.7395798599532	1775.0	F	I	8	-1	6	-4	10	-3	0.152317880794702	1.5	3.142857142857143	0.0	1.5	9	10	13	17	653
653	mozart_piano_sonatas	K279-3	1780.7395798599532	1775.0	C	I	9	-4	9	-4	9	-4	0.1437699680511182	2.2	2.0	0.0	2.333333333333333	13	13	13	17	654
654	mozart_piano_sonatas	K280-1	1780.7395798599532	1775.0	F	I	9	-4	8	-5	10	-5	0.1846846846846846	2.2	4.6	0.0	2.25	13	13	15	17	655
656	mozart_piano_sonatas	K280-3	1780.7395798599532	1775.0	F	I	6	-5	5	-4	9	-5	0.1179487179487179	1.5	2.6	0.0	1.5	11	9	14	17	657
663	mozart_piano_sonatas	K283-1	1780.7395798599532	1775.0	G	I	6	-1	9	-5	9	-2	0.031055900621118	2.4	1.75	1.0	1.0	7	14	11	17	664
664	mozart_piano_sonatas	K283-2	1780.7395798599532	1775.0	C	I	8	-1	8	-4	9	-5	0.1829268292682926	1.3333333333333333	3.142857142857143	1.6666666666666667	1.0	9	12	14	17	665
665	mozart_piano_sonatas	K283-3	1780.7395798599532	1775.0	G	I	9	-4	8	-4	9	-4	0.1641337386018237	1.5	3.4285714285714284	0.0	3.0	13	12	13	17	666
666	mozart_piano_sonatas	K284-1	1780.7395798599532	1775.0	D	I	7	-5	9	-4	9	-5	0.1039755351681957	2.5	2.5	1.6666666666666667	1.3333333333333333	12	13	14	17	667
667	mozart_piano_sonatas	K284-2	1780.7395798599532	1775.0	A	I	8	-4	7	-5	9	-4	0.092511013215859	1.5	2.5	1.5	2.0	12	12	13	17	668
668	mozart_piano_sonatas	K284-3	1780.7395798599532	1775.0	D	I	9	-5	8	-5	10	-5	0.0901639344262295	2.2	4.222222222222222	0.0	3.2857142857142856	14	13	15	17	669
669	mozart_piano_sonatas	K309-1	1780.7395798599532	1777.0	C	I	7	-4	7	-5	11	-4	0.1254125412541254	2.2	4.333333333333333	1.0	2.0	11	12	15	17	670
670	mozart_piano_sonatas	K309-2	1780.7395798599532	1777.0	F	I	6	-1	9	-4	9	-4	0.0318725099601593	2.0	2.6666666666666665	1.0	2.0	7	13	13	17	671
671	mozart_piano_sonatas	K309-3	1780.7395798599532	1777.0	C	I	8	-1	9	-4	11	-4	0.0987341772151898	2.0	5.333333333333333	1.0	2.6666666666666665	9	13	15	17	672
673	mozart_piano_sonatas	K310-2	1780.7395798599532	1777.0	F	I	7	-4	8	-4	9	-4	0.076	1.5	3.0	0.0	2.0	11	12	13	17	674
675	mozart_piano_sonatas	K311-1	1780.7395798599532	1778.0	D	I	8	-4	8	-5	9	-4	0.0791139240506329	2.2	2.0	0.0	1.5	12	13	13	17	676
676	mozart_piano_sonatas	K311-2	1780.7395798599532	1778.0	G	I	8	-1	9	-4	9	-1	0.102127659574468	2.0	3.0	1.0	2.5	9	13	10	17	677
677	mozart_piano_sonatas	K311-3	1780.7395798599532	1778.0	D	I	7	-5	8	-5	9	-5	0.0452674897119341	1.5	3.1666666666666665	1.5	3.0	12	13	14	17	678
678	mozart_piano_sonatas	K330-1	1780.7395798599532	1783.0	C	I	8	-1	9	-5	9	-3	0.0629370629370629	2.5	2.833333333333333	1.0	1.5	9	14	12	17	679
679	mozart_piano_sonatas	K330-2	1780.7395798599532	1783.0	F	I	7	-4	8	-4	8	-4	0.2067039106145251	1.5	2.0	1.0	1.0	11	12	12	17	680
680	mozart_piano_sonatas	K330-3	1780.7395798599532	1783.0	C	I	8	-2	10	-4	9	-4	0.0498614958448753	3.142857142857143	2.5	2.0	2.0	10	14	13	17	681
681	mozart_piano_sonatas	K331-1	1780.7395798599532	1783.0	A	I	7	-1	5	-4	10	-4	0.0432432432432432	1.5	3.75	0.0	3.0	8	9	14	17	682
682	mozart_piano_sonatas	K331-2	1780.7395798599532	1783.0	A	I	6	-1	7	-4	8	-5	0.0125786163522012	2.2	1.5	1.0	1.5	7	11	13	17	683
684	mozart_piano_sonatas	K332-1	1780.7395798599532	1783.0	F	I	8	-4	8	-5	10	-4	0.2031746031746031	2.2	3.571428571428572	0.0	3.5	12	13	14	17	685
686	mozart_piano_sonatas	K332-3	1780.7395798599532	1783.0	F	I	8	-4	8	-5	9	-4	0.1648106904231625	3.142857142857143	3.142857142857143	2.333333333333333	2.0	12	13	13	17	687
693	mozart_piano_sonatas	K533-1	1780.7395798599532	1788.0	F	I	8	-5	10	-9	10	-5	0.2097902097902098	4.333333333333333	4.0	4.333333333333333	2.2	13	19	15	17	694
695	mozart_piano_sonatas	K533-3	1780.7395798599532	1788.0	F	I	8	-5	7	-4	10	-5	0.1682692307692307	2.2	4.111111111111111	0.0	4.25	13	11	15	17	696
696	mozart_piano_sonatas	K545-1	1780.7395798599532	1788.0	C	I	6	-4	6	-4	8	-4	0.0084745762711864	1.5	3.1666666666666665	0.0	1.6666666666666667	10	10	12	17	697
697	mozart_piano_sonatas	K545-2	1780.7395798599532	1788.0	G	I	7	-4	9	-4	9	-4	0.1095890410958904	2.5	4.571428571428571	1.6666666666666667	2.0	11	13	13	17	698
698	mozart_piano_sonatas	K545-3	1780.7395798599532	1788.0	C	I	6	-5	6	-4	8	-5	0.0769230769230769	1.5	2.5	0.0	2.25	11	10	13	17	699
702	mozart_piano_sonatas	K576-1	1780.7395798599532	1789.0	D	I	7	-4	8	-5	9	-4	0.2020905923344947	2.2	3.0	0.0	2.833333333333333	11	13	13	17	703
703	mozart_piano_sonatas	K576-2	1780.7395798599532	1789.0	A	I	7	-4	8	-5	9	-6	0.3311258278145695	1.5	4.7	1.5	2.5	11	13	15	17	704
704	mozart_piano_sonatas	K576-3	1780.7395798599532	1789.0	D	I	9	-1	9	-4	10	-4	0.1240105540897097	2.2	3.2857142857142856	0.0	2.833333333333333	10	13	14	17	705
705	pleyel_quartets	b307op2n1a	1783.0	1783.0	A	I	9	-4	8	-4	9	-4	0.0589743589743589	1.5	3.0	0.0	3.0	13	12	13	18	706
707	pleyel_quartets	b307op2n1c	1783.0	1783.0	A	I	8	-1	7	-2	8	-4	0.1564625850340136	1.0	1.5	0.0	1.3333333333333333	9	9	12	18	708
712	beethoven_piano_sonatas	01-2	1803.6208098935329	1795.0	F	I	5	-1	9	-4	10	-3	0.031578947368421	2.25	4.222222222222222	1.5	3.142857142857143	6	13	13	19	713
715	beethoven_piano_sonatas	02-1	1803.6208098935329	1795.0	A	I	7	-6	7	-13	8	-7	0.1476793248945147	3.857142857142857	4.0	1.5	2.5	13	20	15	19	716
716	beethoven_piano_sonatas	02-2	1803.6208098935329	1795.0	D	I	9	-4	9	-5	9	-5	0.0875	2.2	2.0	1.0	1.3333333333333333	13	14	14	19	717
717	beethoven_piano_sonatas	02-3	1803.6208098935329	1795.0	A	I	5	-9	8	-8	5	-4	0.1666666666666666	2.25	1.5	1.6666666666666667	0.0	14	16	9	19	718
718	beethoven_piano_sonatas	02-4	1803.6208098935329	1795.0	A	I	7	-4	9	-6	10	-10	0.1686746987951807	3.142857142857143	12.523809523809524	1.0	4.8	11	15	20	19	719
719	beethoven_piano_sonatas	03-1	1803.6208098935329	1795.0	C	I	8	-11	11	-11	12	-5	0.2432432432432432	5.555555555555555	9.2	3.75	4.125	19	22	17	19	720
720	beethoven_piano_sonatas	03-2	1803.6208098935329	1795.0	E	I	9	-4	8	-5	9	-5	0.3534482758620689	2.2	3.142857142857143	0.0	1.5	13	13	14	19	721
721	beethoven_piano_sonatas	03-3	1803.6208098935329	1795.0	C	I	7	-5	7	-6	11	-5	0.2010309278350515	2.5	3.5	1.6666666666666667	1.5	12	13	16	19	722
722	beethoven_piano_sonatas	03-4	1803.6208098935329	1795.0	C	I	10	-4	10	-5	14	-5	0.2626262626262626	3.0	4.666666666666667	0.0	2.833333333333333	14	15	19	19	723
723	beethoven_piano_sonatas	20-1	1803.6208098935329	1796.0	G	I	8	-2	7	-3	8	-2	0.0213523131672597	1.0	1.5	0.0	1.3333333333333333	10	10	10	19	724
724	beethoven_piano_sonatas	20-2	1803.6208098935329	1796.0	G	I	8	-1	8	-2	8	-1	0.0304878048780487	1.5	2.25	0.0	1.5	9	10	9	19	725
728	beethoven_piano_sonatas	06-1	1803.6208098935329	1797.0	F	I	9	-4	9	-4	9	-4	0.1257485029940119	2.833333333333333	2.5	2.5	2.0	13	13	13	19	729
730	beethoven_piano_sonatas	06-3	1803.6208098935329	1797.0	F	I	7	-5	7	-4	9	-5	0.1628664495114006	3.142857142857143	3.0	1.5	2.0	12	11	14	19	731
732	beethoven_piano_sonatas	19-2	1803.6208098935329	1797.0	G	I	7	-4	10	-4	8	-4	0.0263852242744063	3.142857142857143	2.0	0.0	2.0	11	14	12	19	733
733	beethoven_piano_sonatas	07-1	1803.6208098935329	1798.0	D	I	8	-11	8	-11	10	-9	0.4674556213017751	8.23076923076923	8.142857142857142	1.5	3.0	19	19	19	19	734
735	beethoven_piano_sonatas	07-3	1803.6208098935329	1798.0	D	I	6	-1	8	-4	9	-4	0.0113636363636363	2.0	2.0	2.0	1.75	7	12	13	19	736
736	beethoven_piano_sonatas	07-4	1803.6208098935329	1798.0	D	I	9	-5	9	-8	10	-5	0.2188679245283019	4.555555555555555	5.4	0.0	4.555555555555555	14	17	15	19	737
740	beethoven_piano_sonatas	09-1	1803.6208098935329	1798.0	E	I	7	-4	8	-5	9	-5	0.1217391304347826	2.5	3.625	1.5	2.8	11	13	14	19	741
742	beethoven_piano_sonatas	09-3	1803.6208098935329	1798.0	E	I	8	-6	9	-6	11	-6	0.1478599221789883	3.4	4.333333333333333	0.0	3.0	14	15	17	19	743
743	beethoven_piano_sonatas	10-1	1803.6208098935329	1799.0	G	I	6	-5	9	-4	10	-5	0.1396011396011396	2.5	5.111111111111111	1.0	3.142857142857143	11	13	15	19	744
744	beethoven_piano_sonatas	10-2	1803.6208098935329	1799.0	C	I	8	-1	9	-4	9	-2	0.0981012658227848	2.5	2.5	2.25	1.5	9	13	11	19	745
745	beethoven_piano_sonatas	10-3	1803.6208098935329	1799.0	G	I	8	-2	9	-4	9	-3	0.1645569620253164	2.2	2.5	0.0	2.0	10	13	12	19	746
746	beethoven_piano_sonatas	16-1	1803.6208098935329	1802.0	G	I	10	-4	9	-4	10	-4	0.1966666666666666	2.2	4.0	1.5	3.75	14	13	14	19	747
747	beethoven_piano_sonatas	16-2	1803.6208098935329	1802.0	C	I	7	-5	13	-9	10	-5	0.2982456140350877	4.444444444444445	5.727272727272728	4.4	4.25	12	22	15	19	748
748	beethoven_piano_sonatas	16-3	1803.6208098935329	1802.0	G	I	9	-5	12	-6	10	-6	0.1289855072463768	4.6	3.625	0.0	1.75	14	18	16	19	749
756	beethoven_piano_sonatas	21-1	1803.6208098935329	1804.0	C	I	9	-7	12	-14	10	-7	0.240983606557377	6.307692307692308	4.5	4.8	2.833333333333333	16	26	17	19	757
757	beethoven_piano_sonatas	21-2	1803.6208098935329	1804.0	F	I	11	-1	10	-4	11	-1	0.4024390243902439	3.0	3.0	1.0	1.5	12	14	12	19	758
758	beethoven_piano_sonatas	21-3	1803.6208098935329	1804.0	C	I	7	-5	9	-7	10	-7	0.1442176870748299	3.142857142857143	3.5	2.333333333333333	2.0	12	16	17	19	759
762	beethoven_piano_sonatas	24-1	1803.6208098935329	1809.0	F#	I	8	-4	9	-4	9	-6	0.1328413284132841	2.2	3.5	0.0	3.0	12	13	15	19	763
763	beethoven_piano_sonatas	24-2	1803.6208098935329	1809.0	F#	I	6	-4	9	-6	10	-6	0.085173501577287	3.0	4.142857142857143	0.0	2.0	10	15	16	19	764
767	beethoven_piano_sonatas	30-1	1803.6208098935329	1820.0	E	I	10	-4	10	-5	10	-4	0.26	3.142857142857143	3.4285714285714284	1.6666666666666667	1.6666666666666667	14	15	14	19	768
769	beethoven_piano_sonatas	30-3	1803.6208098935329	1820.0	E	I	10	-5	13	-9	10	-5	0.1863057324840764	4.888888888888889	3.625	3.571428571428572	2.0	15	22	15	19	770
774	beethoven_piano_sonatas	32-2	1803.6208098935329	1822.0	C	I	9	-11	10	-10	11	-4	0.1058530510585305	4.875	6.083333333333333	2.25	4.777777777777778	20	20	15	19	775
775	kozeluh_sonatas	09op08no1a	1806.0	1806.0	C	I	7	-5	8	-5	8	-5	0.2242647058823529	1.3333333333333333	2.5	0.0	1.3333333333333333	12	13	13	20	776
776	kozeluh_sonatas	09op08no1b	1806.0	1806.0	C	I	6	-1	9	-4	8	-4	0.174496644295302	2.0	2.0	1.0	1.0	7	13	12	20	777
777	kozeluh_sonatas	10op08no2a	1806.0	1806.0	F	I	8	-4	9	-4	8	-4	0.1485714285714285	2.0	2.0	1.0	0.0	12	13	12	20	778
778	kozeluh_sonatas	10op08no2b	1806.0	1806.0	C	I	8	-1	7	-3	8	-1	0.0818713450292397	1.5	2.0	1.0	1.3333333333333333	9	10	9	20	779
779	kozeluh_sonatas	10op08no2c	1806.0	1806.0	F	I	8	-1	9	-2	9	-1	0.0324543610547667	1.6666666666666667	2.5	1.0	1.5	9	11	10	20	780
781	kozeluh_sonatas	14op13no2a	1806.0	1806.0	G	I	8	-1	9	-5	9	-3	0.1032863849765258	2.5	3.142857142857143	1.0	2.0	9	14	12	20	782
782	kozeluh_sonatas	14op13no2b	1806.0	1806.0	D	I	8	-1	9	-3	8	-2	0.0522875816993464	2.0	1.3333333333333333	1.0	1.5	9	12	10	20	783
783	kozeluh_sonatas	14op13no2c	1806.0	1806.0	G	I	7	-4	9	-7	8	-4	0.0582010582010582	2.2	1.6666666666666667	0.0	0.5	11	16	12	20	784
785	kozeluh_sonatas	15op13no3b	1806.0	1806.0	E	I	7	-4	8	-4	9	-7	0.1063829787234042	1.5	3.0	1.0	2.6666666666666665	11	12	16	20	786
788	kozeluh_sonatas	16op15no1b	1806.0	1806.0	G	I	8	-4	8	-4	10	-4	0.1335877862595419	2.2	4.5	0.0	3.571428571428572	12	12	14	20	789
789	kozeluh_sonatas	17op15no2a	1806.0	1806.0	C	I	8	-4	9	-9	9	-9	0.1328273244781783	3.1666666666666665	4.555555555555555	3.0	2.6666666666666665	12	18	18	20	790
790	kozeluh_sonatas	17op15no2b	1806.0	1806.0	F	I	8	-4	8	-4	9	-4	0.1428571428571428	1.5	2.2	0.0	1.6666666666666667	12	12	13	20	791
791	kozeluh_sonatas	17op15no2c	1806.0	1806.0	C	I	7	-4	8	-5	10	-5	0.2233766233766233	2.0	3.142857142857143	0.0	2.0	11	13	15	20	792
795	kozeluh_sonatas	20op17no2a	1806.0	1806.0	A	I	8	-4	8	-4	9	-5	0.1348684210526315	1.5	4.375	1.0	4.0	12	12	14	20	796
796	kozeluh_sonatas	20op17no2b	1806.0	1806.0	E	I	8	-4	9	-5	8	-4	0.1890034364261168	2.5	2.0	1.0	1.6666666666666667	12	14	12	20	797
797	kozeluh_sonatas	20op17no2c	1806.0	1806.0	A	I	8	-4	9	-4	9	-4	0.0912863070539419	2.2	3.6666666666666665	0.0	2.25	12	13	13	20	798
800	kozeluh_sonatas	22op20no1a	1806.0	1806.0	F	I	6	-4	7	-4	6	-5	0.1267123287671233	2.0	2.0	2.0	0.0	10	11	11	20	801
802	kozeluh_sonatas	22op20no1c	1806.0	1806.0	F	I	7	-1	8	-4	9	-4	0.0224719101123595	1.6666666666666667	3.0	0.0	2.5	8	12	13	20	803
803	kozeluh_sonatas	23op20no2a	1806.0	1806.0	C	I	8	-4	8	-4	8	-4	0.1252525252525252	1.5	2.5	1.5	1.5	12	12	12	20	804
804	kozeluh_sonatas	23op20no2b	1806.0	1806.0	F	I	8	-4	8	-4	9	-4	0.16	1.5	3.0	0.0	2.0	12	12	13	20	805
805	kozeluh_sonatas	23op20no2c	1806.0	1806.0	C	I	7	-4	7	-4	9	-4	0.1359516616314199	2.0	2.0	1.0	1.6666666666666667	11	11	13	20	806
807	kozeluh_sonatas	24op20no3b	1806.0	1806.0	D	I	8	-1	7	-3	10	-1	0.1209677419354838	1.0	5.5	0.0	2.6666666666666665	9	10	11	20	808
809	kozeluh_sonatas	25op26no1a	1806.0	1806.0	D	I	9	-4	7	-6	9	-4	0.2081712062256809	1.5	3.5	1.0	2.0	13	13	13	20	810
810	kozeluh_sonatas	25op26no1b	1806.0	1806.0	A	I	8	-4	9	-4	9	-4	0.1241830065359477	2.0	3.2857142857142856	1.0	2.0	12	13	13	20	811
811	kozeluh_sonatas	25op26no1c	1806.0	1806.0	D	I	6	-4	6	-4	9	-4	0.1333333333333333	2.2	3.0	0.0	2.0	10	10	13	20	812
820	kozeluh_sonatas	29op30no2a	1806.0	1806.0	G	I	9	-1	9	-4	9	-4	0.2296296296296296	2.5	2.5	0.0	1.5	10	13	13	20	821
821	kozeluh_sonatas	29op30no2b	1806.0	1806.0	D	I	8	-4	6	-4	8	-4	0.3018867924528302	1.5	2.0	0.0	0.0	12	10	12	20	822
822	kozeluh_sonatas	29op30no2c	1806.0	1806.0	G	I	9	-4	8	-4	10	-4	0.1181434599156118	2.2	2.6666666666666665	0.0	1.3333333333333333	13	12	14	20	823
823	ABC	n01op18-1_01	1812.0509746203827	1799.0	F	I	9	-4	9	-11	9	-5	0.3086734693877551	4.25	3.75	2.25	2.5	13	20	14	21	824
825	ABC	n01op18-1_03	1812.0509746203827	1799.0	F	I	9	-8	9	-11	9	-4	0.2128712871287128	4.5	3.625	2.0	1.5	17	20	13	21	826
826	ABC	n01op18-1_04	1812.0509746203827	1799.0	F	I	8	-4	9	-11	11	-7	0.1043771043771043	4.714285714285714	6.416666666666667	4.333333333333333	5.2	12	20	18	21	827
827	ABC	n03op18-3_01	1812.0509746203827	1799.0	D	I	8	-4	11	-8	11	-5	0.1631578947368421	4.0	3.5	2.5	2.6666666666666665	12	19	16	21	828
829	ABC	n03op18-3_03	1812.0509746203827	1799.0	D	I	9	-4	9	-9	9	-5	0.2625899280575539	4.166666666666667	3.0	1.6666666666666667	1.6666666666666667	13	18	14	21	830
830	ABC	n03op18-3_04	1812.0509746203827	1799.0	D	I	9	-10	12	-9	12	-5	0.2153024911032028	3.5	5.5	3.75	3.0	19	21	17	21	831
832	ABC	n04op18-4_02	1812.0509746203827	1799.0	C	I	7	-4	9	-5	9	-4	0.125	2.0	3.75	2.333333333333333	3.4285714285714284	11	14	13	21	833
835	ABC	n05op18-5_01	1812.0509746203827	1799.0	A	I	9	-5	9	-8	9	-5	0.175233644859813	3.0	2.0	1.5	1.5	14	17	14	21	836
836	ABC	n05op18-5_02	1812.0509746203827	1799.0	A	I	8	-1	6	-4	9	-4	0.0898203592814371	1.5	2.833333333333333	0.0	2.333333333333333	9	10	13	21	837
837	ABC	n05op18-5_03	1812.0509746203827	1799.0	D	I	8	-4	9	-4	9	-4	0.0663900414937759	2.2	2.5	0.0	2.0	12	13	13	21	838
838	ABC	n05op18-5_04	1812.0509746203827	1799.0	A	I	7	-4	8	-6	10	-5	0.0653710247349823	3.0	6.111111111111111	1.6666666666666667	3.0	11	14	15	21	839
839	ABC	n02op18-2_01	1812.0509746203827	1800.0	G	I	8	-4	8	-5	10	-5	0.179381443298969	3.0	5.909090909090909	1.0	2.0	12	13	15	21	840
840	ABC	n02op18-2_02	1812.0509746203827	1800.0	C	I	8	-1	9	-4	9	-5	0.0621468926553672	2.5	2.5	0.0	2.0	9	13	14	21	841
841	ABC	n02op18-2_03	1812.0509746203827	1800.0	G	I	8	-1	9	-4	10	-2	0.0583941605839416	2.0	4.6	2.0	2.0	9	13	12	21	842
842	ABC	n02op18-2_04	1812.0509746203827	1800.0	G	I	8	-4	8	-11	10	-6	0.126068376068376	4.285714285714286	5.363636363636363	1.6666666666666667	2.0	12	19	16	21	843
847	ABC	n07op59-1_01	1812.0509746203827	1806.0	F	I	10	-9	12	-12	10	-8	0.2842323651452282	5.0	3.142857142857143	5.0	2.833333333333333	19	24	18	21	848
850	ABC	n07op59-1_04	1812.0509746203827	1806.0	F	I	8	-5	9	-5	10	-6	0.173841059602649	2.5	3.142857142857143	2.333333333333333	2.5	13	14	16	21	851
852	ABC	n08op59-2_02	1812.0509746203827	1806.0	E	I	8	-3	9	-7	10	-4	0.156441717791411	3.333333333333333	4.888888888888889	1.6666666666666667	4.5	11	16	14	21	853
855	ABC	n09op59-3_01	1812.0509746203827	1806.0	C	I	10	-9	8	-12	12	-5	0.2318271119842829	5.7	7.285714285714286	3.5	4.5	19	20	17	21	856
857	ABC	n09op59-3_03	1812.0509746203827	1806.0	C	I	8	-4	8	-6	8	-4	0.1705882352941176	1.5	4.0	0.0	1.3333333333333333	12	14	12	21	858
858	ABC	n09op59-3_04	1812.0509746203827	1806.0	C	I	9	-11	8	-11	9	-15	0.1642651296829971	5.3	6.166666666666667	1.6666666666666667	4.4	20	19	24	21	859
864	ABC	n11op95_02	1812.0509746203827	1810.0	D	I	7	-5	12	-12	8	-10	0.2244318181818181	6.5	5.1	3.75	3.0	12	24	18	21	865
872	ABC	n15op132_02	1812.0509746203827	1825.0	A	I	8	-4	9	-4	9	-4	0.1016949152542373	2.2	2.0	1.0	1.5	12	13	13	21	873
873	ABC	n15op132_03	1812.0509746203827	1825.0	C	I	6	-1	8	-3	9	-4	0.025691699604743	1.5	3.142857142857143	1.3333333333333333	2.6666666666666665	7	11	13	21	874
874	ABC	n15op132_04	1812.0509746203827	1825.0	A	I	6	-4	6	-5	7	-5	0.1964285714285714	1.3333333333333333	4.333333333333333	1.5	3.6666666666666665	10	11	12	21	875
879	ABC	n13op130_04	1812.0509746203827	1826.0	G	I	6	-4	9	-4	8	-4	0.023728813559322	2.2	1.5	0.0	0.5	10	13	12	21	880
883	ABC	n14op131_02	1812.0509746203827	1826.0	D	I	9	-4	12	-11	9	-4	0.0793201133144475	6.111111111111111	2.5	2.333333333333333	2.0	13	23	13	21	884
885	ABC	n14op131_04	1812.0509746203827	1826.0	A	I	10	-2	11	-4	10	-5	0.0888208269525268	2.8	3.5	2.25	3.0	12	15	15	21	886
886	ABC	n14op131_05	1812.0509746203827	1826.0	E	I	9	-1	8	-4	9	-6	0.0252525252525252	1.5	2.5	0.0	1.6666666666666667	10	12	15	21	887
889	ABC	n16op135_01	1812.0509746203827	1826.0	F	I	9	-5	16	-11	10	-5	0.1040609137055837	5.75	3.142857142857143	2.6666666666666665	2.0	14	27	15	21	890
890	ABC	n16op135_02	1812.0509746203827	1826.0	F	I	7	-1	12	-4	9	-3	0.0490463215258855	3.0	2.2	3.0	1.5	8	16	12	21	891
893	schubert_dances	D041menuett02a	1820.7935483870967	1820.0	C	I	6	-1	5	-2	6	-1	0.0476190476190476	0.5	0.5	0.0	0.0	7	7	7	22	894
897	schubert_dances	D041trio02b	1820.7935483870967	1820.0	C	I	3	-1	7	-4	6	-1	0.0	1.5	0.5	0.0	0.0	4	11	7	22	898
898	schubert_dances	D041trio04b	1820.7935483870967	1820.0	A	I	2	-1	6	-1	5	-1	0.0	0.5	0.0	0.0	0.0	3	7	6	22	899
901	schubert_dances	D128deutscher01	1820.7935483870967	1820.0	F	I	6	0	5	-1	10	-3	0.0526315789473684	0.0	2.75	0.0	2.6666666666666665	6	6	13	22	902
902	schubert_dances	D145ecossaise07	1820.7935483870967	1820.0	B	I	1	-5	5	-6	4	-5	1.0	3.333333333333333	2.333333333333333	0.0	0.0	6	11	9	22	903
903	schubert_dances	D145walzer12	1820.7935483870967	1820.0	E	I	7	0	7	-3	7	0	0.12	1.0	1.0	0.0	0.0	7	10	7	22	904
905	schubert_dances	D925galopp01a	1820.7935483870967	1820.0	C	I	3	0	7	-1	5	-1	0.0	1.0	0.0	0.0	0.0	3	8	6	22	906
906	schubert_dances	D969walzer03	1820.7935483870967	1820.0	C	I	8	-1	5	-1	8	-1	0.0545454545454545	0.0	1.5	0.0	1.0	9	6	9	22	907
907	schubert_dances	D790ländler01	1820.7935483870967	1823.0	D	I	8	-1	8	-4	8	-4	0.1269841269841269	1.5	1.3333333333333333	1.0	1.5	9	12	12	22	908
913	schubert_winterreise	n05	1828.0	1828.0	E	I	8	-5	7	-8	8	-5	0.3183673469387755	5.0	2.0	1.6666666666666667	0.0	13	15	13	23	914
919	schubert_winterreise	n11	1828.0	1828.0	A	I	5	-5	8	-10	8	-5	0.0238095238095238	3.7142857142857135	2.0	4.0	0.0	10	18	13	23	920
925	schubert_winterreise	n17	1828.0	1828.0	D	I	7	-4	12	-9	11	-4	0.1875	5.111111111111111	3.0	3.8	1.5	11	21	15	23	926
927	schubert_winterreise	n19	1828.0	1828.0	A	I	4	0	10	-3	6	0	0.0	2.833333333333333	0.5	0.0	0.0	4	13	6	23	928
929	schubert_winterreise	n21	1828.0	1828.0	F	I	8	-3	8	-5	8	-3	0.1503267973856209	2.2	1.5	1.0	1.6666666666666667	11	13	11	23	930
931	schubert_winterreise	n23	1828.0	1828.0	A	I	4	-4	8	-5	8	-4	0.0	1.5	1.5	1.0	1.5	8	13	12	23	932
933	mendelssohn_quartets	02op13a	1835.8707229487093	1827.0	A	I	7	-5	11	-6	7	-6	0.4350567465321563	4.111111111111111	3.5	3.2	2.0	12	17	13	24	934
934	mendelssohn_quartets	02op13b	1835.8707229487093	1827.0	F	I	6	-6	9	-12	7	-6	0.3088235294117647	4.0	2.5	4.333333333333333	1.5	12	21	13	24	935
942	mendelssohn_quartets	04op44,2b	1835.8707229487093	1837.0	E	I	8	-5	11	-5	8	-5	0.1338962605548854	3.75	2.833333333333333	3.6	1.6666666666666667	13	16	13	24	943
943	mendelssohn_quartets	04op44,2c	1835.8707229487093	1837.0	G	I	9	-2	8	-4	10	-3	0.1402439024390244	2.0	2.5	2.0	2.0	11	12	13	24	944
945	mendelssohn_quartets	03op44,1a	1835.8707229487093	1838.0	D	I	10	-5	9	-6	10	-6	0.2197070572569907	3.142857142857143	4.444444444444445	1.0	2.0	15	15	16	24	946
946	mendelssohn_quartets	03op44,1b	1835.8707229487093	1838.0	D	I	9	-5	7	-12	9	-6	0.3631713554987212	3.5	3.142857142857143	4.0	2.25	14	19	15	24	947
948	mendelssohn_quartets	03op44,1d	1835.8707229487093	1838.0	D	I	9	-5	8	-8	9	-8	0.4004884004884005	5.833333333333333	5.1	2.333333333333333	1.5	14	16	17	24	949
957	chopin_mazurkas	BI16-1	1838.2307692307693	1826.0	G	I	6	-1	9	-3	8	-2	0.3265306122448979	2.25	2.0	0.0	0.5	7	12	10	25	958
960	chopin_mazurkas	BI34op68-3	1838.2307692307693	1830.0	F	I	9	-1	6	-3	9	-1	0.2476190476190476	2.25	1.6666666666666667	0.0	0.0	10	9	10	25	961
961	chopin_mazurkas	BI38op68-1	1838.2307692307693	1830.0	C	I	5	-1	9	-4	10	-4	0.0	2.0	3.5	1.0	2.0	6	13	14	25	962
964	chopin_mazurkas	BI60-3op06-3	1838.2307692307693	1832.0	E	I	5	-1	7	-6	10	-1	0.0	2.4	2.6	0.0	1.75	6	13	11	25	965
970	chopin_mazurkas	BI61-5op07-5	1838.2307692307693	1832.0	C	I	3	0	5	-1	5	0	0.0	0.0	0.0	0.0	0.0	3	6	5	25	971
971	chopin_mazurkas	BI71	1838.2307692307693	1832.0	D	I	8	-1	10	-5	10	-2	0.0833333333333333	3.0	4.142857142857143	1.6666666666666667	2.0	9	15	12	25	972
978	chopin_mazurkas	BI89-2op24-2	1838.2307692307693	1833.0	C	I	8	-1	8	-4	8	-1	0.0929203539823008	1.5	1.6666666666666667	0.0	0.0	9	12	9	25	979
982	chopin_mazurkas	BI93-1op67-1	1838.2307692307693	1835.0	G	I	5	-1	9	-4	9	-1	0.0	2.2	2.8	1.0	2.0	6	13	10	25	983
983	chopin_mazurkas	BI93-2op67-3	1838.2307692307693	1835.0	C	I	6	-1	9	-4	11	-1	0.032258064516129	2.2	3.2857142857142856	0.0	2.0	7	13	12	25	984
988	chopin_mazurkas	BI115-2op33-2	1838.2307692307693	1838.0	D	I	2	-3	6	-7	9	-9	0.0673575129533678	3.333333333333333	3.4285714285714284	1.5	3.25	5	13	18	25	989
989	chopin_mazurkas	BI115-3op33-3	1838.2307692307693	1838.0	C	I	4	-1	9	-4	10	-1	0.0	2.2	3.142857142857143	1.0	1.5	5	13	11	25	990
994	chopin_mazurkas	BI126-4op41-3	1838.2307692307693	1839.0	B	I	7	-8	8	-9	8	-9	0.55	5.875	7.571428571428571	0.0	2.6666666666666665	15	17	17	25	995
997	chopin_mazurkas	BI145-1op50-1	1838.2307692307693	1842.0	G	I	7	-4	9	-5	9	-5	0.2407407407407407	2.5	2.5	1.6666666666666667	2.0	11	14	14	25	998
1000	chopin_mazurkas	BI153-1op56-1	1838.2307692307693	1844.0	B	I	10	-7	11	-10	10	-4	0.504524886877828	5.111111111111111	2.5	2.25	0.5	17	21	14	25	1001
1001	chopin_mazurkas	BI153-2op56-2	1838.2307692307693	1844.0	C	I	5	-3	6	-4	6	-4	0.0384615384615384	2.2	2.6	0.0	0.0	8	10	10	25	1002
1006	chopin_mazurkas	BI162-1op63-1	1838.2307692307693	1846.0	B	I	9	-1	9	-4	9	-13	0.2071005917159763	2.5	11.818181818181818	2.333333333333333	3.1666666666666665	10	13	22	25	1007
1012	schumann_kinderszenen	n01	1839.0	1839.0	G	I	6	-1	8	-3	6	-1	0.0930232558139534	1.6666666666666667	0.5	0.0	0.0	7	11	7	26	1013
1013	schumann_kinderszenen	n02	1839.0	1839.0	D	I	5	-1	8	-1	10	-1	0.0	1.3333333333333333	3.25	1.0	2.333333333333333	6	9	11	26	1014
1015	schumann_kinderszenen	n04	1839.0	1839.0	D	I	6	-1	5	-5	6	-1	0.0754716981132075	2.2	0.5	1.5	0.0	7	10	7	26	1016
1016	schumann_kinderszenen	n05	1839.0	1839.0	D	I	5	-1	9	-4	5	-4	0.0	2.0	1.6666666666666667	1.0	0.0	6	13	9	26	1017
1017	schumann_kinderszenen	n06	1839.0	1839.0	A	I	9	-1	6	-2	9	-2	0.345679012345679	0.5	2.0	0.0	1.5	10	8	11	26	1018
1018	schumann_kinderszenen	n07	1839.0	1839.0	F	I	6	-3	8	-4	6	-3	0.0985915492957746	1.5	1.3333333333333333	1.5	0.0	9	12	9	26	1019
1019	schumann_kinderszenen	n08	1839.0	1839.0	F	I	6	-1	9	-4	7	-1	0.0606060606060606	2.2	1.0	0.0	0.0	7	13	8	26	1020
1020	schumann_kinderszenen	n09	1839.0	1839.0	C	I	6	-1	9	-5	6	-1	0.1521739130434782	2.2	1.3333333333333333	1.0	0.0	7	14	7	26	1021
1024	schumann_kinderszenen	n13	1839.0	1839.0	G	I	6	-1	5	-4	10	-3	0.7142857142857143	1.3333333333333333	3.8	1.5	2.333333333333333	7	9	13	26	1025
1027	schumann_liederkreis	op39n03	1840.0	1840.0	E	I	7	-3	11	-9	10	-5	0.1047619047619047	4.777777777777778	3.0	2.0	3.25	10	20	15	27	1028
1028	schumann_liederkreis	op39n04	1840.0	1840.0	G	I	6	-1	6	-3	10	-3	0.0943396226415094	1.0	3.5	0.0	2.0	7	9	13	27	1029
1029	schumann_liederkreis	op39n05	1840.0	1840.0	E	I	6	-1	8	-4	7	-4	0.0365853658536585	1.5	1.5	0.0	1.5	7	12	11	27	1030
1030	schumann_liederkreis	op39n06	1840.0	1840.0	B	I	6	-1	7	-4	6	-1	0.0735294117647058	1.5	0.5	1.6666666666666667	0.0	7	11	7	27	1031
1033	schumann_liederkreis	op39n09	1840.0	1840.0	E	I	6	-3	9	-4	9	-2	0.0581395348837209	2.2	2.5	0.0	0.5	9	13	11	27	1034
1035	schumann_liederkreis	op39n11	1840.0	1840.0	A	I	5	-1	7	-4	7	-6	0.0	1.5	1.5	0.0	0.0	6	11	13	27	1036
1036	schumann_liederkreis	op39n12	1840.0	1840.0	F#	I	6	-1	10	-4	10	-2	0.0185185185185185	3.0	3.2	2.5	1.5	7	14	12	27	1037
1043	c_schumann_lieder	op23no1 Was weinst du Blumlein	1848.1077981651376	1853.0	A	I	8	-4	8	-4	8	-4	0.2941176470588235	1.5	1.5	0.0	0.0	12	12	12	28	1044
1044	c_schumann_lieder	op23no2 An einem lichten Morgen	1848.1077981651376	1853.0	F	I	8	-1	9	-4	8	-1	0.25	2.5	2.2	1.0	0.0	9	13	9	28	1045
1047	c_schumann_lieder	op23no5 Das ist ein Tag der klingen mag	1848.1077981651376	1853.0	D	I	8	-1	7	-1	8	-1	0.0336134453781512	1.0	1.5	0.0	0.0	9	8	9	28	1048
1049	liszt_pelerinage	160.01_Chapelle_de_Guillaume_Tell	1857.079674150606	1855.0	C	I	8	-6	10	-8	11	-7	0.5058139534883721	5.4	5.0	2.5	3.2857142857142856	14	18	18	29	1050
1051	liszt_pelerinage	160.03_Pastorale	1857.079674150606	1855.0	E	I	1	-1	5	-2	3	-2	0.0	0.5	0.5	0.0	0.0	2	7	5	29	1052
1057	liszt_pelerinage	160.09_Les_Cloches_de_Geneve_(Nocturne)	1857.079674150606	1855.0	B	I	7	-10	9	-13	9	-12	0.3990147783251231	9.75	7.923076923076923	2.2	3.625	17	22	21	29	1058
1058	liszt_pelerinage	161.01_Sposalizio	1857.079674150606	1858.0	E	I	7	-9	10	-8	7	-9	0.189873417721519	4.666666666666667	5.625	2.8	1.0	16	18	16	29	1059
1060	liszt_pelerinage	161.03_Canzonetta_del_Salvator_Rosa	1857.079674150606	1858.0	A	I	5	-4	6	-5	7	-4	0.0966542750929368	1.5	2.0	1.0	0.5	9	11	11	29	1061
1062	liszt_pelerinage	161.05_Sonetto_104_del_Petrarca	1857.079674150606	1858.0	E	I	7	-6	9	-7	10	-9	0.4793388429752066	4.333333333333333	7.571428571428571	1.5	6.0	13	16	19	29	1063
1064	liszt_pelerinage	161.07_Apres_une_lecture_du_Dante	1857.079674150606	1858.0	D	bV	10	-9	16	-12	17	-14	0.7369255150554676	8.777777777777779	19.05555555555556	4.714285714285714	6.5	19	28	31	29	1065
1065	liszt_pelerinage	162.01_Gondoliera	1857.079674150606	1861.0	F#	I	6	-4	9	-4	10	-5	0.0862068965517241	2.5	5.857142857142857	2.0	4.5	10	13	15	29	1066
1069	wagner_overtures	WWV096-Meistersinger_01_Vorspiel-Prelude_SchottKleinmichel	1864.9944134078207	1867.0	C	I	10	-4	13	-9	10	-7	0.2367194780987884	4.555555555555555	5.0	3.7142857142857135	3.0	14	22	17	30	1070
1070	tchaikovsky_seasons	op37a01	1876.0	1876.0	A	I	6	-4	10	-9	10	-16	0.1916932907348242	4.125	18.05555555555556	4.428571428571429	3.6	10	19	26	31	1071
1071	tchaikovsky_seasons	op37a02	1876.0	1876.0	D	I	6	-4	11	-4	10	-5	0.16	3.625	3.2857142857142856	2.8	2.0	10	15	15	31	1072
1074	tchaikovsky_seasons	op37a05	1876.0	1876.0	G	I	9	-3	8	-5	10	-5	0.1623036649214659	2.2	3.0	1.6666666666666667	1.5	12	13	15	31	1075
1078	tchaikovsky_seasons	op37a09	1876.0	1876.0	G	I	9	-4	10	-4	17	-4	0.2395543175487465	2.2	8.4	3.0	3.75	13	14	21	31	1079
1080	tchaikovsky_seasons	op37a11	1876.0	1876.0	E	I	7	-1	6	-4	10	-4	0.1757575757575757	1.3333333333333333	3.142857142857143	0.0	2.0	8	10	14	31	1081
1088	dvorak_silhouettes	op08n07	1879.0	1879.0	D	I	5	-4	8	-4	5	-4	0.0718562874251497	1.5	1.5	0.0	0.0	9	12	9	32	1089
1090	dvorak_silhouettes	op08n09	1879.0	1879.0	B	ii	2	-1	6	-3	2	-1	0.0	2.25	0.0	0.0	0.0	3	9	3	32	1091
1091	dvorak_silhouettes	op08n10	1879.0	1879.0	G	I	5	-4	8	-4	8	-4	0.0679611650485436	1.5	1.5	0.0	1.0	9	12	12	32	1092
1092	dvorak_silhouettes	op08n11	1879.0	1879.0	A	I	6	-6	9	-8	10	-6	0.2386363636363636	3.8333333333333335	2.5	1.0	1.3333333333333333	12	17	16	32	1093
1096	grieg_lyric_pieces	op12n03	1890.3354624738972	1867.0	E	I	5	-5	8	-4	5	-5	0.0194174757281553	1.3333333333333333	0.5	0.0	0.0	10	12	10	33	1097
1099	grieg_lyric_pieces	op12n06	1890.3354624738972	1867.0	D	I	3	-1	5	-4	3	-1	0.0	1.3333333333333333	0.0	0.0	0.0	4	9	4	33	1100
1103	grieg_lyric_pieces	op38n01	1890.3354624738972	1883.0	G	I	6	-6	7	-9	7	-4	0.4714285714285714	3.25	3.5	2.333333333333333	1.0	12	16	11	33	1104
1105	grieg_lyric_pieces	op38n03	1890.3354624738972	1883.0	C	I	7	-5	10	-7	7	-8	0.3908045977011494	2.2	2.833333333333333	2.5	3.0	12	17	15	33	1106
1107	grieg_lyric_pieces	op38n05	1890.3354624738972	1883.0	G	I	5	-1	9	-2	5	-1	0.0	1.6666666666666667	0.0	1.0	0.0	6	11	6	33	1108
1110	grieg_lyric_pieces	op43n01	1890.3354624738972	1886.0	A	I	7	-3	8	-4	10	-3	0.2941176470588235	1.5	4.0	1.6666666666666667	1.3333333333333333	10	12	13	33	1111
1112	grieg_lyric_pieces	op43n03	1890.3354624738972	1886.0	F#	I	3	-1	10	-2	8	-1	0.0	2.0	2.0	2.5	0.5	4	12	9	33	1113
1114	grieg_lyric_pieces	op43n05	1890.3354624738972	1886.0	F	I	9	-5	10	-4	9	-5	0.3302752293577982	3.142857142857143	2.333333333333333	2.5	0.0	14	14	14	33	1115
1115	grieg_lyric_pieces	op43n06	1890.3354624738972	1886.0	F#	I	6	-5	12	-8	8	-7	0.1653543307086614	5.333333333333333	2.6666666666666665	3.6	1.6666666666666667	11	20	15	33	1116
1117	grieg_lyric_pieces	op47n02	1890.3354624738972	1888.0	F	I	6	-5	10	-5	11	-5	0.0944444444444444	3.5	3.625	2.8	3.1666666666666665	11	15	16	33	1118
1119	grieg_lyric_pieces	op47n04	1890.3354624738972	1888.0	D	I	1	0	5	-1	8	0	0.0	0.0	1.6666666666666667	0.0	1.0	1	6	8	33	1120
1121	grieg_lyric_pieces	op47n06	1890.3354624738972	1888.0	G	I	9	-3	6	-2	8	-3	0.216867469879518	0.5	1.5	0.0	1.0	12	8	11	33	1122
1124	grieg_lyric_pieces	op54n02	1890.3354624738972	1891.0	C	I	9	-4	9	-4	9	-5	0.1608391608391608	3.0	2.0	0.0	0.0	13	13	14	33	1125
1126	grieg_lyric_pieces	op54n04	1890.3354624738972	1891.0	C	I	6	-5	9	-8	8	-5	0.2967032967032967	5.0	2.5	2.0	1.5	11	17	13	33	1127
1128	grieg_lyric_pieces	op54n06	1890.3354624738972	1891.0	C	I	4	-1	14	-2	7	-1	0.0	4.857142857142857	1.0	2.6666666666666665	0.0	5	16	8	33	1129
1130	grieg_lyric_pieces	op57n02	1890.3354624738972	1893.0	A	I	9	-5	9	-6	9	-9	0.3166666666666666	3.142857142857143	7.583333333333333	1.6666666666666667	1.5	14	15	18	33	1131
1132	grieg_lyric_pieces	op57n04	1890.3354624738972	1893.0	G	I	5	-4	9	-7	11	-4	0.0956521739130434	3.7142857142857135	4.9	2.333333333333333	2.0	9	16	15	33	1133
1133	grieg_lyric_pieces	op57n05	1890.3354624738972	1893.0	C	I	6	-4	9	-9	9	-3	0.185929648241206	5.111111111111111	4.285714285714286	2.0	2.0	10	18	12	33	1134
1136	grieg_lyric_pieces	op62n02	1890.3354624738972	1895.0	G	I	5	-6	9	-8	9	-6	0.1419753086419753	4.5	2.5	2.0	0.5	11	17	15	33	1137
1137	grieg_lyric_pieces	op62n03	1890.3354624738972	1895.0	A	I	5	-1	6	-2	7	-2	0.0	0.5	1.3333333333333333	0.0	0.5	6	8	9	33	1138
1139	grieg_lyric_pieces	op62n05	1890.3354624738972	1895.0	A	I	5	-3	12	-4	5	-10	0.3111111111111111	3.4285714285714284	15.857142857142858	4.5	0.0	8	16	15	33	1140
1140	grieg_lyric_pieces	op62n06	1890.3354624738972	1895.0	E	I	5	-5	7	-7	5	-5	0.7572254335260116	4.0	2.6666666666666665	0.0	0.0	10	14	10	33	1141
1142	grieg_lyric_pieces	op65n02	1890.3354624738972	1896.0	A	I	7	-2	6	-5	7	-2	0.2362204724409448	2.0	2.25	2.25	0.0	9	11	9	33	1143
1144	grieg_lyric_pieces	op65n04	1890.3354624738972	1896.0	A	I	6	-5	10	-7	9	-13	0.5803571428571429	4.142857142857143	20.5	2.0	1.0	11	17	22	33	1145
1146	grieg_lyric_pieces	op65n06	1890.3354624738972	1896.0	D	I	5	-2	9	-4	12	-7	0.0094339622641509	2.833333333333333	12.125	1.5	2.333333333333333	7	13	19	33	1147
1147	grieg_lyric_pieces	op68n01	1890.3354624738972	1899.0	C	I	9	-1	9	-1	6	-1	0.064516129032258	2.0	0.5	0.0	0.0	10	10	7	33	1148
1148	grieg_lyric_pieces	op68n02	1890.3354624738972	1899.0	G	I	5	-1	8	-1	5	-1	0.0	1.3333333333333333	0.0	0.0	0.0	6	9	6	33	1149
1149	grieg_lyric_pieces	op68n03	1890.3354624738972	1899.0	D	I	7	-5	10	-9	11	-14	0.2238805970149253	6.0	22.925925925925927	1.5	2.5	12	19	25	33	1150
1151	grieg_lyric_pieces	op68n05	1890.3354624738972	1899.0	E	I	6	-4	13	-6	6	-4	0.0549450549450549	2.8	1.3333333333333333	2.5	0.0	10	19	10	33	1152
1156	grieg_lyric_pieces	op71n04	1890.3354624738972	1901.0	B	I	6	-6	8	-5	7	-6	0.1954022988505747	2.25	2.5	1.0	1.6666666666666667	12	13	13	33	1157
1157	grieg_lyric_pieces	op71n05	1890.3354624738972	1901.0	C	I	8	-4	10	-5	8	-4	0.1644736842105263	3.142857142857143	2.25	2.0	0.5	12	15	12	33	1158
1160	ravel_piano	Ravel_-_Jeux_dEau	1903.8101851851848	1901.0	E	I	11	-7	11	-11	14	-7	0.4863813229571984	8.6875	7.153846153846154	2.0	3.0	18	22	21	34	1161
1162	ravel_piano	Ravel_-_Miroirs_IV._Alborada_del_gracioso	1903.8101851851848	1905.0	D	I	9	-6	11	-11	14	-8	0.3097826086956521	7.357142857142857	10.6875	3.333333333333333	4.777777777777778	15	22	22	34	1163
1168	debussy_suite_bergamasque	l075-01_suite_prelude	1905.0	1905.0	F	I	6	-4	8	-4	6	-4	0.0218978102189781	3.0	2.75	1.5	0.0	10	12	10	36	1169
1178	bartok_bagatelles	op06n07	1908.0	1908.0	C	I	9	-4	12	-8	10	-10	0.3669724770642202	6.461538461538462	5.444444444444445	3.0	2.5	13	20	20	37	1179
1179	bartok_bagatelles	op06n08	1908.0	1908.0	B	I	7	-7	13	-13	5	-17	1.1764705882352942	7.5	17.833333333333332	5.111111111111111	4.142857142857143	14	26	22	37	1180
1180	bartok_bagatelles	op06n09	1908.0	1908.0	B	I	4	-7	10	-9	11	-12	1.3953488372093024	6.727272727272728	15.61904761904762	2.25	2.0	11	19	23	37	1181
1181	bartok_bagatelles	op06n10	1908.0	1908.0	F	I	10	-6	13	-10	11	-7	0.7040358744394619	6.928571428571429	6.230769230769231	4.7	3.5	16	23	18	37	1182
1185	bartok_bagatelles	op06n14	1908.0	1908.0	D	I	10	-7	15	-10	15	-10	0.9846153846153848	8.0	11.0	2.6666666666666665	7.076923076923077	17	25	25	37	1186
1196	medtner_tales	op35n01	1918.5201739913005	1917.0	C	I	8	-6	12	-8	12	-8	0.237037037037037	6.416666666666667	7.818181818181818	3.6	3.2	14	20	20	38	1197
1197	medtner_tales	op35n02	1918.5201739913005	1917.0	G	I	8	-7	10	-8	9	-8	0.2105263157894736	6.909090909090909	4.0	2.0	1.3333333333333333	15	18	17	38	1198
1203	medtner_tales	op48n01	1918.5201739913005	1925.0	C	I	11	-9	15	-12	10	-7	0.4055390702274975	8.3125	4.8	4.714285714285714	2.5	20	27	17	38	1204
1217	schulhoff_suite_dansante_en_jazz	suite_dansante_en_jazz_1_stomp	1931.0	1931.0	E	I	5	-8	12	-9	10	-12	2.03125	8.625	12.857142857142858	3.571428571428572	4.625	13	21	22	41	1218
1219	schulhoff_suite_dansante_en_jazz	suite_dansante_en_jazz_3_waltz	1931.0	1931.0	A	I	6	-9	12	-11	10	-11	1.146067415730337	9.894736842105264	16.458333333333332	3.571428571428572	7.714285714285714	15	23	21	41	1220
1220	schulhoff_suite_dansante_en_jazz	suite_dansante_en_jazz_4_tango	1931.0	1931.0	D	I	5	-8	12	-11	10	-10	1.0833333333333333	9.23076923076923	10.1875	4.857142857142857	5.090909090909091	13	23	20	41	1221
1221	schulhoff_suite_dansante_en_jazz	suite_dansante_en_jazz_5_slow	1931.0	1931.0	D	I	7	-6	12	-14	13	-8	0.6989247311827957	8.5	6.642857142857143	6.2	5.909090909090909	13	26	21	41	1222
1222	schulhoff_suite_dansante_en_jazz	suite_dansante_en_jazz_6_fox-trot	1931.0	1931.0	E	I	4	-7	8	-11	9	-12	1.6226415094339623	9.153846153846152	11.625	4.166666666666667	6.888888888888889	11	19	21	41	1223
