	Unnamed: 0	corpus	piece	corpus_year	piece_year	globalkey	localkey	max_root	min_root	max_ct	min_ct	max_nct	min_nct	RC	CTC	NCTC	r_fifths_range	ct_fifths_range	nct_fifths_range	corpus_id	piece_id	mode
0	0	peri_euridice	peri_euridice_scene_0	1600.0	1600	F	I	3	-2	5	-1	5	-2	0.0344827586206896	0.0	0.0689655172413793	5	6	7	1	1	major
1	1	peri_euridice	peri_euridice_scene_1	1600.0	1600	G	I	6	-4	7	-4	6	-4	0.0487012987012987	0.474025974025974	0.0974025974025974	10	11	10	1	2	major
2	2	peri_euridice	peri_euridice_scene_2	1600.0	1600	G	I	7	-4	7	-6	11	-4	0.1511976047904191	0.6317365269461078	0.2514970059880239	11	13	15	1	3	major
3	3	peri_euridice	peri_euridice_scene_3	1600.0	1600	G	I	8	-4	9	-4	7	-4	0.0542372881355932	0.5288135593220339	0.0644067796610169	12	13	11	1	4	major
4	4	peri_euridice	peri_euridice_scene_4	1600.0	1600	D	I	7	-4	8	-10	7	-4	0.1903367496339678	1.171303074670571	0.2152269399707174	11	18	11	1	5	major
5	5	peri_euridice	peri_euridice_scene_5	1600.0	1600	C	I	7	-4	9	-5	7	-4	0.1071428571428571	0.3514285714285714	0.1085714285714285	11	14	11	1	6	major
6	6	monteverdi_madrigals	2-12	1609.1691322587767	1590	F	I	5	-2	6	-2	5	-2	0.0222222222222222	0.0088888888888888	0.0177777777777777	7	8	7	2	7	major
7	7	monteverdi_madrigals	3-09	1609.1691322587767	1592	F	I	6	-1	6	-1	6	-1	0.0105263157894736	0.0052631578947368	0.0157894736842105	7	7	7	2	8	major
8	8	monteverdi_madrigals	3-11	1609.1691322587767	1592	F	I	6	-1	6	-1	6	-1	0.0105263157894736	0.0052631578947368	0.0157894736842105	7	7	7	2	9	major
11	11	monteverdi_madrigals	5-01	1609.1691322587767	1605	G	I	6	-4	8	-3	6	-4	0.0625	0.1534090909090909	0.0568181818181818	10	11	10	2	12	major
30	30	monteverdi_madrigals	8-18	1609.1691322587767	1638	C	I	6	-5	6	-7	6	-5	0.0508474576271186	0.4779661016949152	0.0440677966101694	11	13	11	2	31	major
32	32	monteverdi_madrigals	9-12	1609.1691322587767	1651	C	I	5	-4	5	-4	3	-4	0.0	0.3076923076923077	0.0	9	9	7	2	33	major
50	50	frescobaldi_fiori_musicali	12.17_Canzon_post_il_Comune	1635.0	1635	C	I	6	-2	8	-2	6	-2	0.0516431924882629	0.1408450704225352	0.0751173708920187	8	10	8	4	51	major
60	60	frescobaldi_fiori_musicali	12.27_Canzon_dopo_l'Epistola	1635.0	1635	C	I	8	-2	8	-3	8	-2	0.1442307692307692	0.1490384615384615	0.1009615384615384	10	11	10	4	61	major
64	64	frescobaldi_fiori_musicali	12.32_Recercar_con_obligo_del_Basso_come_appare	1635.0	1635	C	I	8	-4	14	-4	8	-4	0.3127962085308057	0.6350710900473934	0.2654028436018957	12	18	12	4	65	major
76	76	frescobaldi_fiori_musicali	12.46_Bergamasca	1635.0	1635	G	I	7	-4	7	-4	7	-3	0.087378640776699	0.2451456310679611	0.174757281553398	11	11	10	4	77	major
77	77	frescobaldi_fiori_musicali	12.47_Capriccio_sopra_la_Girolmeta	1635.0	1635	G	I	8	-2	7	-3	8	-2	0.0779569892473118	0.1532258064516129	0.1908602150537634	10	10	10	4	78	major
79	79	kleine_geistliche_konzerte	op08n02swv283_Bringt_her_dem_Herren	1637.9308224442736	1636	C	I	6	-2	8	-2	6	-2	0.0284090909090909	0.2159090909090909	0.0284090909090909	8	10	8	5	80	major
82	82	kleine_geistliche_konzerte	op08n05swv286_Der_Herr_ist_gross	1637.9308224442736	1636	G	I	5	-2	7	-2	5	-2	0.0359712230215827	0.3093525179856115	0.079136690647482	7	9	7	5	83	major
84	84	kleine_geistliche_konzerte	op08n07swv288_Ihr_Heiligen,_lobsinget_dem_Herren	1637.9308224442736	1636	D	I	4	-3	7	-2	6	-3	0.0896551724137931	0.2827586206896552	0.1241379310344827	7	9	9	5	85	major
87	87	kleine_geistliche_konzerte	op08n10swv291_Schaffe_in_mir,_Gott,_ein_reines_Herz	1637.9308224442736	1636	G	I	5	-3	7	-3	6	-3	0.0865384615384615	0.2692307692307692	0.125	8	10	9	5	88	major
88	88	kleine_geistliche_konzerte	op08n11swv292_Der_Herr_schauet_vom_Himmel_auf_der_Menschen_Kinder	1637.9308224442736	1636	G	I	4	-3	7	-3	5	-3	0.1111111111111111	0.2222222222222222	0.1629629629629629	7	10	8	5	89	major
89	89	kleine_geistliche_konzerte	op08n12swv293_Lobet_den_Herren,_der_zu_Zion_wohnet	1637.9308224442736	1636	G	I	7	-3	7	-2	6	-3	0.0802919708029197	0.2116788321167883	0.1167883211678832	10	9	9	5	90	major
90	90	kleine_geistliche_konzerte	op08n13swv294_Eins_bitte_ich_vom_Herren	1637.9308224442736	1636	F	I	4	-2	8	-2	5	-2	0.0242424242424242	0.1636363636363636	0.0363636363636363	6	10	7	5	91	major
97	97	kleine_geistliche_konzerte	op08n21swv302_Ein_Kind_ist_uns_geboren	1637.9308224442736	1636	F	I	6	-2	8	-5	6	-2	0.0289855072463768	0.3115942028985507	0.036231884057971	8	13	8	5	98	major
99	99	kleine_geistliche_konzerte	op08n23swv304_Siehe,_mein_Fürsprecher_im_Himmel	1637.9308224442736	1636	G	I	7	-3	9	-3	7	-3	0.0930232558139534	0.4941860465116279	0.1569767441860465	10	12	10	5	100	major
101	101	kleine_geistliche_konzerte	op09n01swv306_Ich_will_den_Herren_loben_allezeit	1637.9308224442736	1639	F	I	8	-2	9	-4	5	-2	0.0825688073394495	0.3669724770642202	0.0504587155963302	10	13	7	5	102	major
114	114	kleine_geistliche_konzerte	op09n14swv319_Ich_beuge_meine_Knie_gegen_dem_Vater	1637.9308224442736	1639	G	I	7	-3	10	-3	7	-3	0.1534883720930232	0.4790697674418605	0.1348837209302325	10	13	10	5	115	major
115	115	kleine_geistliche_konzerte	op09n15swv320_Ich_bin_jung_gewesen_und_bin_alt_worden	1637.9308224442736	1639	F	I	6	-2	8	-2	6	-2	0.0666666666666666	0.32	0.08	8	10	8	5	116	major
122	122	kleine_geistliche_konzerte	op09n22swv327_Allein_Gott_in_der_Höh	1637.9308224442736	1639	G	I	7	-2	7	-2	7	-2	0.0284090909090909	0.1221590909090909	0.0568181818181818	9	9	9	5	123	major
123	123	kleine_geistliche_konzerte	op09n23swv328_Veni,_Sancte_Spiritus	1637.9308224442736	1639	G	I	5	-3	8	-3	7	-4	0.0308880308880308	0.3745173745173745	0.1891891891891892	8	11	11	5	124	major
127	127	kleine_geistliche_konzerte	op09n27swv332_Jubilate_Deo_omnis_terra	1637.9308224442736	1639	F	I	8	-4	8	-6	8	-2	0.0484330484330484	0.3304843304843304	0.0683760683760683	12	14	10	5	128	major
128	128	kleine_geistliche_konzerte	op09n28swv333_Sei_gegrüßet,_Maria	1637.9308224442736	1639	G	I	6	-3	8	-3	6	-4	0.1409574468085106	0.3590425531914893	0.1781914893617021	9	11	10	5	129	major
129	129	kleine_geistliche_konzerte	op09n29swv334_Ave_Maria,_qualis_est	1637.9308224442736	1639	G	I	6	-3	8	-3	6	-4	0.1409574468085106	0.3537234042553192	0.175531914893617	9	11	10	5	130	major
133	133	corelli	op01n01a	1687.686470294558	1681	F	I	6	-4	6	-7	6	-4	0.0163934426229508	0.2131147540983606	0.0491803278688524	10	13	10	6	134	major
134	134	corelli	op01n01b	1687.686470294558	1681	F	I	5	-3	6	-4	5	-3	0.0	0.1739130434782608	0.0072463768115942	8	10	8	6	135	major
135	135	corelli	op01n01c	1687.686470294558	1681	F	I	5	-5	6	-5	5	-5	0.1368421052631579	0.4	0.1368421052631579	10	11	10	6	136	major
136	136	corelli	op01n01d	1687.686470294558	1681	F	I	5	-4	5	-9	6	-4	0.0434782608695652	0.2826086956521739	0.1231884057971014	9	14	10	6	137	major
141	141	corelli	op01n03a	1687.686470294558	1681	A	I	5	-1	5	-4	6	-3	0.0454545454545454	0.0909090909090909	0.0606060606060606	6	9	9	6	142	major
142	142	corelli	op01n03b	1687.686470294558	1681	A	I	6	-1	6	-4	6	-3	0.0044843049327354	0.1210762331838565	0.0089686098654708	7	10	9	6	143	major
143	143	corelli	op01n03c	1687.686470294558	1681	A	vi	6	-4	5	-4	6	-4	0.088235294117647	0.2352941176470588	0.088235294117647	10	9	10	6	144	major
144	144	corelli	op01n03d	1687.686470294558	1681	A	I	5	-4	6	-4	5	-4	0.0	0.0409356725146198	0.023391812865497	9	10	9	6	145	major
149	149	corelli	op01n05a	1687.686470294558	1681	Bb	I	5	-4	6	-4	5	-4	0.0666666666666666	0.7	0.1666666666666666	9	10	9	6	150	major
150	150	corelli	op01n05b	1687.686470294558	1681	Bb	I	6	-4	6	-4	6	-4	0.046979865771812	0.1409395973154362	0.0536912751677852	10	10	10	6	151	major
151	151	corelli	op01n05c	1687.686470294558	1681	Bb	vi	6	-1	6	-4	6	-1	0.0847457627118644	0.2542372881355932	0.0677966101694915	7	10	7	6	152	major
152	152	corelli	op01n05d	1687.686470294558	1681	Bb	I	6	-4	6	-5	6	-4	0.0341880341880341	0.3247863247863248	0.1623931623931624	10	11	10	6	153	major
157	157	corelli	op01n07a	1687.686470294558	1681	C	I	5	-2	6	-4	6	-3	0.0067567567567567	0.1013513513513513	0.0472972972972973	7	10	9	6	158	major
158	158	corelli	op01n07b	1687.686470294558	1681	C	vi	8	-4	5	-4	8	-4	0.0545454545454545	0.1636363636363636	0.0545454545454545	12	9	12	6	159	major
159	159	corelli	op01n07c	1687.686470294558	1681	C	I	6	-5	6	-4	6	-5	0.0355029585798816	0.2307692307692307	0.0414201183431952	11	10	11	6	160	major
164	164	corelli	op01n09a	1687.686470294558	1681	G	I	6	-1	6	-1	6	-1	0.025	0.1	0.025	7	7	7	6	165	major
165	165	corelli	op01n09b	1687.686470294558	1681	G	I	5	-2	8	-5	6	-2	0.0066666666666666	0.1933333333333333	0.02	7	13	8	6	166	major
166	166	corelli	op01n09c	1687.686470294558	1681	G	I	6	-2	8	-1	6	-2	0.028169014084507	0.2535211267605634	0.028169014084507	8	9	8	6	167	major
167	167	corelli	op01n09d	1687.686470294558	1681	G	I	5	-2	8	-5	8	-2	0.0185185185185185	0.5370370370370371	0.1111111111111111	7	13	10	6	168	major
177	177	corelli	op01n12a	1687.686470294558	1681	D	I	5	-1	8	-4	5	-1	0.0	0.3492063492063492	0.0	6	12	6	6	178	major
178	178	corelli	op01n12b	1687.686470294558	1681	D	I	8	-2	7	-1	8	-2	0.1089108910891089	0.1287128712871287	0.1881188118811881	10	8	10	6	179	major
180	180	corelli	op01n12d	1687.686470294558	1681	D	I	8	-1	8	-4	8	-2	0.0533333333333333	0.0622222222222222	0.0533333333333333	9	12	10	6	181	major
181	181	corelli	op03n01a	1687.686470294558	1689	F	I	5	-1	5	-4	5	-1	0.0	0.0909090909090909	0.0	6	9	6	6	182	major
182	182	corelli	op03n01b	1687.686470294558	1689	F	I	5	-4	8	-4	5	-4	0.0	0.0821917808219178	0.0	9	12	9	6	183	major
183	183	corelli	op03n01c	1687.686470294558	1689	F	I	6	-5	6	-4	6	-5	0.0434782608695652	0.0956521739130434	0.0608695652173913	11	10	11	6	184	major
184	184	corelli	op03n01d	1687.686470294558	1689	F	I	5	-3	6	-7	5	-2	0.0197368421052631	0.0592105263157894	0.0263157894736842	8	13	7	6	185	major
185	185	corelli	op03n02a	1687.686470294558	1689	D	I	5	-1	8	-2	5	-1	0.0	0.088235294117647	0.0	6	10	6	6	186	major
186	186	corelli	op03n02b	1687.686470294558	1689	D	I	6	-4	7	-7	6	-4	0.0084745762711864	0.2203389830508474	0.0084745762711864	10	14	10	6	187	major
188	188	corelli	op03n02d	1687.686470294558	1689	D	I	6	-4	6	-4	6	-4	0.0578512396694214	0.2066115702479339	0.1074380165289256	10	10	10	6	189	major
189	189	corelli	op03n03a	1687.686470294558	1689	Bb	I	8	-1	6	-4	8	-1	0.0689655172413793	0.2413793103448276	0.0689655172413793	9	10	9	6	190	major
190	190	corelli	op03n03b	1687.686470294558	1689	Bb	I	6	-1	6	-8	6	-1	0.0338983050847457	0.135593220338983	0.0508474576271186	7	14	7	6	191	major
191	191	corelli	op03n03c	1687.686470294558	1689	Bb	I	6	-4	5	-8	6	-4	0.0364963503649635	0.2043795620437956	0.0291970802919708	10	13	10	6	192	major
192	192	corelli	op03n03d	1687.686470294558	1689	Bb	I	5	-4	6	-7	9	-1	0.0260869565217391	0.1739130434782608	0.6043478260869565	9	13	10	6	193	major
201	201	corelli	op03n06a	1687.686470294558	1689	G	I	6	-4	8	-4	6	-4	0.0446428571428571	0.125	0.0625	10	12	10	6	202	major
203	203	corelli	op03n06c	1687.686470294558	1689	G	I	5	-4	6	-4	5	-3	0.0408163265306122	0.0816326530612244	0.0204081632653061	9	10	8	6	204	major
204	204	corelli	op03n06d	1687.686470294558	1689	G	I	6	-1	8	-1	6	-1	0.0167597765363128	0.1340782122905028	0.0111731843575419	7	9	7	6	205	major
209	209	corelli	op03n08a	1687.686470294558	1689	C	I	5	-4	6	-4	5	-4	0.0348837209302325	0.1395348837209302	0.0697674418604651	9	10	9	6	210	major
210	210	corelli	op03n08b	1687.686470294558	1689	C	I	8	-1	9	-1	8	-1	0.0392156862745098	0.2222222222222222	0.0457516339869281	9	10	9	6	211	major
212	212	corelli	op03n08d	1687.686470294558	1689	C	I	4	-4	8	-4	6	-4	0.0	0.2692307692307692	0.0384615384615384	8	12	10	6	213	major
225	225	corelli	op03n12a	1687.686470294558	1689	A	I	6	-1	5	-3	6	-1	0.0625	0.1875	0.0625	7	8	7	6	226	major
226	226	corelli	op03n12b	1687.686470294558	1689	E	I	5	0	4	-1	5	-1	0.0	0.0	0.0	5	5	6	6	227	major
227	227	corelli	op03n12c	1687.686470294558	1689	E	V	6	-1	5	-3	6	-1	0.0263157894736842	0.1052631578947368	0.0263157894736842	7	8	7	6	228	major
228	228	corelli	op03n12d	1687.686470294558	1689	A	I	4	-1	5	-1	5	-1	0.0	0.0	0.0	5	6	6	6	229	major
229	229	corelli	op03n12e	1687.686470294558	1689	A	I	6	-1	6	-3	6	-2	0.0131578947368421	0.0526315789473684	0.0263157894736842	7	9	8	6	230	major
230	230	corelli	op03n12f	1687.686470294558	1689	A	I	6	-4	6	-4	6	-4	0.015625	0.0677083333333333	0.0208333333333333	10	10	10	6	231	major
231	231	corelli	op03n12g	1687.686470294558	1689	A	I	5	-1	8	-4	5	-1	0.0	0.0792079207920792	0.0	6	12	6	6	232	major
232	232	corelli	op04n01a	1687.686470294558	1694	C	I	5	-4	8	-4	5	-4	0.0422535211267605	0.2957746478873239	0.0422535211267605	9	12	9	6	233	major
233	233	corelli	op04n01b	1687.686470294558	1694	C	I	5	-1	6	-4	6	-4	0.0	0.16	0.0933333333333333	6	10	10	6	234	major
235	235	corelli	op04n01d	1687.686470294558	1694	C	I	5	-5	7	-4	5	-5	0.0075187969924812	0.1954887218045112	0.0150375939849624	10	11	10	6	236	major
240	240	corelli	op04n03a	1687.686470294558	1694	A	I	5	-1	8	-1	5	-1	0.0	0.0795454545454545	0.0	6	9	6	6	241	major
241	241	corelli	op04n03b	1687.686470294558	1694	A	I	5	-1	8	-1	6	-1	0.0	0.1511627906976744	0.0116279069767441	6	9	7	6	242	major
242	242	corelli	op04n03c	1687.686470294558	1694	A	I	6	-1	8	-1	8	-1	0.0277777777777777	0.1388888888888889	0.1666666666666666	7	9	9	6	243	major
243	243	corelli	op04n03d	1687.686470294558	1694	A	I	6	-1	6	-4	6	-6	0.0149253731343283	0.373134328358209	0.0298507462686567	7	10	12	6	244	major
244	244	corelli	op04n04a	1687.686470294558	1694	D	I	8	-1	8	-1	8	-2	0.0454545454545454	0.0454545454545454	0.0606060606060606	9	9	10	6	245	major
245	245	corelli	op04n04b	1687.686470294558	1694	D	I	5	-1	6	-4	5	-3	0.0384615384615384	0.0897435897435897	0.0384615384615384	6	10	8	6	246	major
247	247	corelli	op04n04d	1687.686470294558	1694	D	I	7	-1	9	-4	7	-3	0.0380952380952381	0.2761904761904762	0.0666666666666666	8	13	10	6	248	major
252	252	corelli	op04n06a	1687.686470294558	1694	E	I	4	-1	6	-1	4	-1	0.0	0.0454545454545454	0.0	5	7	5	6	253	major
253	253	corelli	op04n06b	1687.686470294558	1694	E	I	5	-1	6	-1	5	-1	0.0	0.024390243902439	0.0	6	7	6	6	254	major
255	255	corelli	op04n06d	1687.686470294558	1694	E	I	6	-1	6	-4	6	-1	0.0175438596491228	0.2807017543859649	0.0175438596491228	7	10	7	6	256	major
257	257	corelli	op04n06f	1687.686470294558	1694	E	I	8	-1	8	-2	8	-2	0.1066666666666666	0.1333333333333333	0.1466666666666666	9	10	10	6	258	major
258	258	corelli	op04n06g	1687.686470294558	1694	E	I	5	-4	7	-7	5	-4	0.0	0.7717391304347826	0.3152173913043478	9	14	9	6	259	major
259	259	corelli	op04n07a	1687.686470294558	1694	F	I	4	-1	5	-4	5	-3	0.0	0.1176470588235294	0.0	5	9	8	6	260	major
260	260	corelli	op04n07b	1687.686470294558	1694	F	I	5	-2	5	-4	5	-1	0.0396039603960396	0.1188118811881188	0.0297029702970297	7	9	6	6	261	major
262	262	corelli	op04n07d	1687.686470294558	1694	F	I	5	-1	8	-3	6	-3	0.0	0.217391304347826	0.0217391304347826	6	11	9	6	263	major
263	263	corelli	op04n07e	1687.686470294558	1694	F	I	5	-2	8	-2	8	-1	0.0108695652173913	0.2391304347826087	0.0978260869565217	7	10	9	6	264	major
267	267	corelli	op04n09a	1687.686470294558	1694	Bb	I	4	-1	7	-4	5	-1	0.0	0.2894736842105263	0.0	5	11	6	6	268	major
268	268	corelli	op04n09b	1687.686470294558	1694	Bb	I	5	-4	6	-4	5	-4	0.0	0.1078431372549019	0.0	9	10	9	6	269	major
270	270	corelli	op04n09d	1687.686470294558	1694	Bb	I	5	-1	9	-4	7	-3	0.0	0.5121951219512195	0.0365853658536585	6	13	10	6	271	major
271	271	corelli	op04n10a	1687.686470294558	1694	G	I	6	0	5	0	6	0	0.25	0.0	0.25	6	5	6	6	272	major
272	272	corelli	op04n10b	1687.686470294558	1694	G	I	5	-5	8	-6	6	-5	0.0388349514563106	0.3203883495145631	0.0776699029126213	10	14	11	6	273	major
273	273	corelli	op04n10c	1687.686470294558	1694	G	I	3	-1	5	-1	3	-1	0.0	0.0	0.0	4	6	4	6	274	major
275	275	corelli	op04n10e	1687.686470294558	1694	G	I	5	-4	8	-8	6	-4	0.0	0.2348993288590604	0.0335570469798657	9	16	10	6	276	major
283	283	couperin_clavecin	01_premier_prelude	1717.0	1717	C	I	5	-1	7	-2	6	-2	0.0	0.1794871794871795	0.0769230769230769	6	9	8	7	284	major
286	286	couperin_clavecin	04_quatrieme_prelude	1717.0	1717	F	I	5	-2	6	-3	5	-2	0.0142857142857142	0.1857142857142857	0.0571428571428571	7	9	7	7	287	major
287	287	couperin_clavecin	05_cinquieme_prelude	1717.0	1717	A	I	6	-2	8	-4	8	-4	0.1827956989247312	0.4193548387096774	0.3010752688172043	8	12	12	7	288	major
289	289	couperin_clavecin	07_septieme_prelude	1717.0	1717	Bb	I	8	-1	8	-4	8	-5	0.2588235294117647	0.2235294117647059	0.3647058823529411	9	12	13	7	290	major
291	291	handel_keyboard	hwv430d_Grobschmied_Aria	1720.0	1720	E	I	5	-1	6	-1	5	-1	0.0	0.0392156862745098	0.0	6	7	6	8	292	major
292	292	handel_keyboard	hwv430d_Grobschmied_Var1	1720.0	1720	E	I	5	-1	6	-1	5	-1	0.0	0.0357142857142857	0.0	6	7	6	8	293	major
293	293	handel_keyboard	hwv430d_Grobschmied_Var2	1720.0	1720	E	I	5	-1	6	-1	5	-1	0.0	0.0344827586206896	0.0	6	7	6	8	294	major
294	294	handel_keyboard	hwv430d_Grobschmied_Var3	1720.0	1720	E	I	5	-1	6	-1	6	-1	0.0	0.0727272727272727	0.0363636363636363	6	7	7	8	295	major
295	295	handel_keyboard	hwv430d_Grobschmied_Var4	1720.0	1720	E	I	6	-1	6	-1	6	-1	0.0307692307692307	0.0307692307692307	0.0615384615384615	7	7	7	8	296	major
296	296	handel_keyboard	hwv430d_Grobschmied_Var5	1720.0	1720	E	I	5	-1	6	-1	6	-2	0.0	0.0327868852459016	0.0983606557377049	6	7	8	8	297	major
299	299	bach_solo	BWV1001_03_Siciliano	1721.5348340219405	1720	Bb	I	7	-5	7	-4	7	-5	0.0446428571428571	0.3392857142857143	0.1339285714285714	12	11	12	9	300	major
311	311	bach_solo	BWV1003_03_Andante	1721.5348340219405	1720	C	I	8	-2	8	-9	8	-3	0.3043478260869565	0.5217391304347826	0.3623188405797101	10	17	11	9	312	major
315	315	bach_solo	BWV1005_02_Fuga	1721.5348340219405	1720	C	I	9	-5	9	-4	9	-7	0.1138211382113821	0.4471544715447154	0.1869918699186991	14	13	16	9	316	major
316	316	bach_solo	BWV1006_04_Menuett	1721.5348340219405	1720	E	I	8	-1	8	-2	8	-2	0.040983606557377	0.2049180327868852	0.0655737704918032	9	10	10	9	317	major
317	317	bach_solo	BWV1006_05_Bourée	1721.5348340219405	1720	E	I	7	-2	8	-2	7	-2	0.0566037735849056	0.2641509433962264	0.1132075471698113	9	10	9	9	318	major
318	318	bach_solo	BWV1006_06_Gigue	1721.5348340219405	1720	E	I	7	-1	7	-2	7	-2	0.0816326530612244	0.2857142857142857	0.1224489795918367	8	9	9	9	319	major
319	319	bach_solo	BWV1007_01_Prelude	1721.5348340219405	1723	G	I	8	-1	7	-3	8	-4	0.1111111111111111	0.2592592592592592	0.4814814814814814	9	10	12	9	320	major
320	320	bach_solo	BWV1007_02_Allemande	1721.5348340219405	1723	G	I	8	-3	7	-2	8	-3	0.1527777777777778	0.2777777777777778	0.1666666666666666	11	9	11	9	321	major
321	321	bach_solo	BWV1007_03_Courante	1721.5348340219405	1723	G	I	5	-2	8	-2	5	-2	0.0158730158730158	0.2063492063492063	0.0158730158730158	7	10	7	9	322	major
322	322	bach_solo	BWV1007_04_Sarabande	1721.5348340219405	1723	G	I	8	-1	8	-2	7	-1	0.119047619047619	0.2857142857142857	0.0476190476190476	9	10	8	9	323	major
323	323	bach_solo	BWV1007_05_MenuetI	1721.5348340219405	1723	G	I	8	-1	8	-2	8	-1	0.1515151515151515	0.1515151515151515	0.1515151515151515	9	10	9	9	324	major
325	325	bach_solo	BWV1007_07_Gique	1721.5348340219405	1723	G	I	6	-1	8	-4	6	-3	0.0172413793103448	0.396551724137931	0.1206896551724138	7	12	9	9	326	major
331	331	bach_solo	BWV1008_06_MenuetII	1721.5348340219405	1723	D	I	8	-1	5	-2	8	-1	0.2258064516129032	0.032258064516129	0.1612903225806451	9	7	9	9	332	major
333	333	bach_solo	BWV1009_01_Prelude	1721.5348340219405	1723	C	I	9	-1	9	-4	9	-1	0.0833333333333333	0.3518518518518518	0.2407407407407407	10	13	10	9	334	major
334	334	bach_solo	BWV1009_02_Allemande	1721.5348340219405	1723	C	I	5	-4	7	-4	5	-4	0.0673076923076923	0.173076923076923	0.125	9	11	9	9	335	major
335	335	bach_solo	BWV1009_03_Courante	1721.5348340219405	1723	C	I	8	-4	7	-4	8	-4	0.1358024691358024	0.3209876543209876	0.1728395061728395	12	11	12	9	336	major
336	336	bach_solo	BWV1009_04_Sarabande	1721.5348340219405	1723	C	I	6	-1	6	-4	6	-3	0.2037037037037037	0.4814814814814814	0.2407407407407407	7	10	9	9	337	major
337	337	bach_solo	BWV1009_05_BourréeI	1721.5348340219405	1723	C	I	5	-1	6	-4	5	-3	0.0	0.2786885245901639	0.0655737704918032	6	10	8	9	338	major
339	339	bach_solo	BWV1009_07_Gique	1721.5348340219405	1723	C	I	5	-5	6	-4	6	-5	0.0642201834862385	0.1926605504587156	0.3761467889908257	10	10	11	9	340	major
340	340	bach_solo	BWV1010_01_Prelude	1721.5348340219405	1723	Eb	I	8	-5	8	-4	8	-7	0.5405405405405406	0.7837837837837838	1.1756756756756757	13	12	15	9	341	major
341	341	bach_solo	BWV1010_02_Allemande	1721.5348340219405	1723	Eb	I	8	-2	9	-3	8	-2	0.1505376344086021	0.3333333333333333	0.2580645161290322	10	12	10	9	342	major
342	342	bach_solo	BWV1010_03_Courante	1721.5348340219405	1723	Eb	I	7	-4	6	-4	7	-4	0.087378640776699	0.1359223300970873	0.203883495145631	11	10	11	9	343	major
343	343	bach_solo	BWV1010_04_Sarabande	1721.5348340219405	1723	Eb	I	6	-1	6	-4	6	-3	0.265625	0.34375	0.25	7	10	9	9	344	major
344	344	bach_solo	BWV1010_05_BourreeI	1721.5348340219405	1723	Eb	I	5	-4	5	-4	5	-4	0.081081081081081	0.1891891891891892	0.2027027027027027	9	9	9	9	345	major
345	345	bach_solo	BWV1010_06_BourreeII	1721.5348340219405	1723	Eb	I	5	-1	5	-1	4	-1	0.0	0.0	0.0	6	6	5	9	346	major
346	346	bach_solo	BWV1010_07_Gique	1721.5348340219405	1723	Eb	I	6	-4	7	-4	6	-7	0.1298701298701298	0.3246753246753247	0.4285714285714285	10	11	13	9	347	major
354	354	bach_solo	BWV1012_01_Prelude	1721.5348340219405	1723	D	I	6	-5	6	-5	6	-5	0.213903743315508	0.2834224598930481	0.3850267379679144	11	11	11	9	355	major
355	355	bach_solo	BWV1012_02_Allemande	1721.5348340219405	1723	D	I	9	-1	9	-2	9	-2	0.1923076923076923	0.3846153846153846	0.282051282051282	10	11	11	9	356	major
356	356	bach_solo	BWV1012_03_Courante	1721.5348340219405	1723	D	I	8	-2	8	-2	8	-2	0.0941176470588235	0.1058823529411764	0.2117647058823529	10	10	10	9	357	major
357	357	bach_solo	BWV1012_04_Sarabande	1721.5348340219405	1723	D	I	7	-2	8	-3	7	-3	0.1551724137931034	0.2241379310344827	0.1551724137931034	9	11	10	9	358	major
358	358	bach_solo	BWV1012_05_GavotteI	1721.5348340219405	1723	D	I	5	-1	6	-4	5	-3	0.0545454545454545	0.2545454545454545	0.109090909090909	6	10	8	9	359	major
359	359	bach_solo	BWV1012_06_GavotteII	1721.5348340219405	1723	D	I	5	-1	5	-2	5	-1	0.0	0.0172413793103448	0.0	6	7	6	9	360	major
360	360	bach_solo	BWV1012_07_Gique	1721.5348340219405	1723	D	I	6	-5	9	-4	6	-5	0.0458715596330275	0.3486238532110092	0.146788990825688	11	13	11	9	361	major
365	365	bach_en_fr_suites	BWV806_01_Prelude	1721.7536076006097	1720	A	I	6	-4	6	-5	6	-5	0.0471204188481675	0.3089005235602094	0.0994764397905759	10	11	11	10	366	major
366	366	bach_en_fr_suites	BWV806_02_Allemande	1721.7536076006097	1720	A	I	7	-4	7	-4	7	-5	0.1041666666666666	0.4513888888888889	0.2708333333333333	11	11	12	10	367	major
367	367	bach_en_fr_suites	BWV806_03_Courante_I	1721.7536076006097	1720	A	I	8	-1	8	-1	8	-1	0.0879120879120879	0.1648351648351648	0.1318681318681318	9	9	9	10	368	major
368	368	bach_en_fr_suites	BWV806_04_Courante_II	1721.7536076006097	1720	A	I	6	-4	7	-4	6	-4	0.0576923076923076	0.3076923076923077	0.0961538461538461	10	11	10	10	369	major
369	369	bach_en_fr_suites	BWV806_05_Double_I	1721.7536076006097	1720	A	I	6	-4	7	-4	6	-4	0.0594059405940594	0.2178217821782178	0.1386138613861386	10	11	10	10	370	major
370	370	bach_en_fr_suites	BWV806_06_Double_II	1721.7536076006097	1720	A	I	7	-4	7	-4	7	-4	0.06	0.19	0.15	11	11	11	10	371	major
371	371	bach_en_fr_suites	BWV806_07_Sarabande	1721.7536076006097	1720	A	I	7	-5	12	-4	7	-5	0.1805555555555555	0.8888888888888888	0.3472222222222222	12	16	12	10	372	major
372	372	bach_en_fr_suites	BWV806_08_Bouree_I	1721.7536076006097	1720	A	I	6	-2	7	-4	7	-2	0.0285714285714285	0.2	0.0785714285714285	8	11	9	10	373	major
374	374	bach_en_fr_suites	BWV806_10_Gigue	1721.7536076006097	1720	A	I	7	-1	7	-3	7	-2	0.0327868852459016	0.180327868852459	0.1639344262295081	8	10	9	10	375	major
381	381	bach_en_fr_suites	BWV807_06_Bourree_II	1721.7536076006097	1720	A	I	6	-1	8	-2	8	-2	0.0144927536231884	0.3333333333333333	0.0869565217391304	7	10	10	10	382	major
389	389	bach_en_fr_suites	BWV808_06_Gavotte_II	1721.7536076006097	1720	G	I	5	-1	5	-1	5	-1	0.0	0.0	0.0	6	6	6	10	390	major
391	391	bach_en_fr_suites	BWV809_01_Prelude	1721.7536076006097	1720	F	I	6	-5	7	-5	6	-5	0.1683569979716024	0.2920892494929006	0.2251521298174442	11	12	11	10	392	major
392	392	bach_en_fr_suites	BWV809_02_Allemande	1721.7536076006097	1720	F	I	8	-4	6	-4	8	-4	0.2473118279569892	0.3010752688172043	0.3225806451612903	12	10	12	10	393	major
393	393	bach_en_fr_suites	BWV809_03_Courante	1721.7536076006097	1720	F	I	5	-1	8	-4	6	-2	0.0454545454545454	0.2575757575757575	0.2272727272727272	6	12	8	10	394	major
394	394	bach_en_fr_suites	BWV809_04_Sarabande	1721.7536076006097	1720	F	I	8	-1	12	-5	8	-3	0.2542372881355932	0.576271186440678	0.3559322033898305	9	17	11	10	395	major
395	395	bach_en_fr_suites	BWV809_05_Menuett_I	1721.7536076006097	1720	F	I	6	-4	7	-4	6	-4	0.0526315789473684	0.2105263157894736	0.1052631578947368	10	11	10	10	396	major
397	397	bach_en_fr_suites	BWV809_07_Gigue	1721.7536076006097	1720	F	I	8	-1	7	-4	8	-4	0.1030927835051546	0.345360824742268	0.211340206185567	9	11	12	10	398	major
403	403	bach_en_fr_suites	BWV810_06_Passepied_II	1721.7536076006097	1720	E	I	6	-1	6	-2	6	-1	0.0461538461538461	0.0769230769230769	0.0461538461538461	7	8	7	10	404	major
411	411	bach_en_fr_suites	BWV811_07_Gavotte_II	1721.7536076006097	1720	D	I	6	-1	5	-2	6	-2	0.0405405405405405	0.081081081081081	0.0675675675675675	7	7	8	10	412	major
432	432	bach_en_fr_suites	BWV815_01_Allemande	1721.7536076006097	1725	Eb	I	8	-1	8	-12	8	-5	0.0679611650485436	0.4854368932038835	0.174757281553398	9	20	13	10	433	major
433	433	bach_en_fr_suites	BWV815_02_Courante	1721.7536076006097	1725	Eb	I	5	-4	8	-7	7	-4	0.1379310344827586	0.3333333333333333	0.3333333333333333	9	15	11	10	434	major
434	434	bach_en_fr_suites	BWV815_03_Sarabande	1721.7536076006097	1725	Eb	I	5	-4	5	-7	6	-4	0.1451612903225806	0.3225806451612903	0.2258064516129032	9	12	10	10	435	major
435	435	bach_en_fr_suites	BWV815_04_Gavotte	1721.7536076006097	1725	Eb	I	6	-1	5	-5	6	-1	0.1097560975609756	0.3658536585365853	0.2439024390243902	7	10	7	10	436	major
436	436	bach_en_fr_suites	BWV815_05_Air	1721.7536076006097	1725	Eb	I	6	-4	6	-4	8	-4	0.0519480519480519	0.2467532467532467	0.4155844155844156	10	10	12	10	437	major
437	437	bach_en_fr_suites	BWV815_06_Menuett	1721.7536076006097	1725	Eb	I	7	-1	5	-2	7	-2	0.048780487804878	0.1219512195121951	0.0975609756097561	8	7	9	10	438	major
438	438	bach_en_fr_suites	BWV815_07_Gigue	1721.7536076006097	1725	Eb	I	6	-4	6	-5	8	-4	0.0377358490566037	0.2264150943396226	0.1320754716981132	10	11	12	10	439	major
439	439	bach_en_fr_suites	BWV816_01_Allemande	1721.7536076006097	1725	G	I	5	-4	8	-4	8	-4	0.0492957746478873	0.4014084507042254	0.1478873239436619	9	12	12	10	440	major
440	440	bach_en_fr_suites	BWV816_02_Courante	1721.7536076006097	1725	G	I	6	-1	8	-4	6	-4	0.0602409638554216	0.2409638554216867	0.1686746987951807	7	12	10	10	441	major
441	441	bach_en_fr_suites	BWV816_03_Sarabande	1721.7536076006097	1725	G	I	5	-4	7	-4	5	-4	0.0288461538461538	0.125	0.0288461538461538	9	11	9	10	442	major
442	442	bach_en_fr_suites	BWV816_04_Gavotte	1721.7536076006097	1725	G	I	8	-1	8	-2	8	-1	0.2388059701492537	0.2686567164179104	0.2686567164179104	9	10	9	10	443	major
443	443	bach_en_fr_suites	BWV816_05_Bourree	1721.7536076006097	1725	G	I	8	-2	8	-9	8	-2	0.1081081081081081	0.3648648648648648	0.1756756756756756	10	17	10	10	444	major
444	444	bach_en_fr_suites	BWV816_06_Loure	1721.7536076006097	1725	G	I	8	-2	8	-2	8	-2	0.125	0.296875	0.140625	10	10	10	10	445	major
445	445	bach_en_fr_suites	BWV816_07_Gigue	1721.7536076006097	1725	G	I	8	-1	8	-2	8	-2	0.0822784810126582	0.2215189873417721	0.2911392405063291	9	10	10	10	446	major
446	446	bach_en_fr_suites	BWV817_01_Allemande	1721.7536076006097	1725	E	I	8	-5	6	-5	8	-6	0.1287128712871287	0.2475247524752475	0.2079207920792079	13	11	14	10	447	major
447	447	bach_en_fr_suites	BWV817_02_Courante	1721.7536076006097	1725	E	I	6	-4	6	-5	6	-4	0.0967741935483871	0.1935483870967742	0.2150537634408602	10	11	10	10	448	major
448	448	bach_en_fr_suites	BWV817_03_Sarabande	1721.7536076006097	1725	E	I	7	-1	8	-4	7	-4	0.1111111111111111	0.5238095238095238	0.2063492063492063	8	12	11	10	449	major
449	449	bach_en_fr_suites	BWV817_04_Gavotte	1721.7536076006097	1725	E	I	7	-1	8	-2	7	-1	0.0689655172413793	0.2586206896551724	0.0862068965517241	8	10	8	10	450	major
450	450	bach_en_fr_suites	BWV817_05_Polonaise	1721.7536076006097	1725	E	I	6	-1	12	-4	7	-5	0.1641791044776119	0.5373134328358209	0.4925373134328358	7	16	12	10	451	major
451	451	bach_en_fr_suites	BWV817_06_Bourree	1721.7536076006097	1725	E	I	5	-1	8	-4	7	-4	0.024793388429752	0.2314049586776859	0.0991735537190082	6	12	11	10	452	major
452	452	bach_en_fr_suites	BWV817_07_Gigue	1721.7536076006097	1725	E	I	6	-4	8	-4	7	-4	0.0775862068965517	0.2068965517241379	0.1982758620689655	10	12	11	10	453	major
453	453	bach_en_fr_suites	BWV817_08_Menuett	1721.7536076006097	1725	E	I	8	-1	6	-2	8	-1	0.0638297872340425	0.1063829787234042	0.1276595744680851	9	8	9	10	454	major
454	454	couperin_concerts	c01n01_prelude	1723.4204871060172	1722	G	I	5	-3	6	-4	5	-3	0.032258064516129	0.1935483870967742	0.064516129032258	8	10	8	11	455	major
455	455	couperin_concerts	c01n02_allemande	1723.4204871060172	1722	G	I	4	-1	7	-4	5	-4	0.0	0.2236842105263158	0.0131578947368421	5	11	9	11	456	major
458	458	couperin_concerts	c01n05_gigue	1723.4204871060172	1722	G	I	4	-4	6	-6	6	-4	0.0	0.3076923076923077	0.023076923076923	8	12	10	11	459	major
460	460	couperin_concerts	c02n01_prelude	1723.4204871060172	1722	D	I	5	-1	6	-2	5	-2	0.0	0.034090909090909	0.0113636363636363	6	8	7	11	461	major
461	461	couperin_concerts	c02n02_allemande_fuguee	1723.4204871060172	1722	D	I	5	-4	6	-4	6	-4	0.0083333333333333	0.2333333333333333	0.0333333333333333	9	10	10	11	462	major
464	464	couperin_concerts	c02n05_echos	1723.4204871060172	1722	D	I	4	-4	5	-4	5	-4	0.0275862068965517	0.0896551724137931	0.0413793103448275	8	9	9	11	465	major
465	465	couperin_concerts	c03n01_prelude	1723.4204871060172	1722	A	I	5	-1	6	-1	5	-1	0.0	0.0259740259740259	0.0	6	7	6	11	466	major
466	466	couperin_concerts	c03n02_allemande	1723.4204871060172	1722	A	I	5	-4	5	-4	5	-4	0.0	0.3018867924528302	0.0	9	9	9	11	467	major
470	470	couperin_concerts	c03n06_musette_1	1723.4204871060172	1722	A	I	2	-1	5	-4	5	-4	0.0	0.6521739130434783	0.2608695652173913	3	9	9	11	471	major
471	471	couperin_concerts	c03n07_musette_2	1723.4204871060172	1722	A	I	3	-1	5	-4	5	-4	0.0344827586206896	0.6551724137931034	0.4137931034482758	4	9	9	11	472	major
475	475	couperin_concerts	c04n03_courante_francoise	1723.4204871060172	1722	E	I	3	-4	7	-3	5	-4	0.0	0.4285714285714285	0.0357142857142857	7	10	9	11	476	major
477	477	couperin_concerts	c04n05_sarabande	1723.4204871060172	1722	E	I	5	-4	6	-4	5	-4	0.0	0.2127659574468085	0.0	9	10	9	11	478	major
478	478	couperin_concerts	c04n06_rigaudon	1723.4204871060172	1722	E	I	3	-1	6	-4	6	-4	0.0	0.1964285714285714	0.125	4	10	10	11	479	major
479	479	couperin_concerts	c04n07_forlane	1723.4204871060172	1722	E	I	3	-1	6	-4	5	-4	0.0	0.2805755395683453	0.0287769784172661	4	10	9	11	480	major
480	480	couperin_concerts	c05n01_prelude	1723.4204871060172	1724	F	I	5	-4	8	-4	7	-5	0.0217391304347826	0.1956521739130435	0.0869565217391304	9	12	12	11	481	major
481	481	couperin_concerts	c05n02_allemande	1723.4204871060172	1724	F	I	5	-4	5	-4	5	-4	0.0	0.2727272727272727	0.0209790209790209	9	9	9	11	482	major
484	484	couperin_concerts	c05n05_musete	1723.4204871060172	1724	F	I	5	-4	5	-4	5	-4	0.0254237288135593	0.2457627118644068	0.2033898305084746	9	9	9	11	485	major
485	485	couperin_concerts	c06n01_grave	1723.4204871060172	1724	Bb	I	8	-4	9	-6	8	-4	0.037037037037037	0.3055555555555556	0.1018518518518518	12	15	12	11	486	major
486	486	couperin_concerts	c06n02_allemande	1723.4204871060172	1724	Bb	I	4	-4	6	-4	5	-4	0.0	0.2063492063492063	0.0238095238095238	8	10	9	11	487	major
487	487	couperin_concerts	c06n03_sarabande	1723.4204871060172	1724	Bb	I	5	-1	5	-4	7	-4	0.0	0.2123893805309734	0.0619469026548672	6	9	11	11	488	major
488	488	couperin_concerts	c06n04_air_diable	1723.4204871060172	1724	Bb	I	4	-3	6	-4	6	-3	0.0	0.2178217821782178	0.0297029702970297	7	10	9	11	489	major
489	489	couperin_concerts	c06n05_siciliene	1723.4204871060172	1724	Bb	I	3	-1	6	-4	5	-3	0.0	0.208	0.008	4	10	8	11	490	major
496	496	couperin_concerts	c08n01_ouverture	1723.4204871060172	1724	G	I	4	-4	8	-4	6	-4	0.0	0.3115942028985507	0.1376811594202898	8	12	10	11	497	major
500	500	couperin_concerts	c08n05_air_leger	1723.4204871060172	1724	G	I	2	-1	5	-1	5	-2	0.0	0.0	0.0140845070422535	3	6	7	11	501	major
501	501	couperin_concerts	c08n06_Loure	1723.4204871060172	1724	G	I	3	-4	6	-4	5	-4	0.0	0.3873873873873873	0.0	7	10	9	11	502	major
503	503	couperin_concerts	c08n08_sarabande	1723.4204871060172	1724	G	I	3	-4	5	-4	5	-4	0.0	0.4032258064516129	0.032258064516129	7	9	9	11	504	major
504	504	couperin_concerts	c08n09_air_leger	1723.4204871060172	1724	G	I	3	-1	6	-4	5	-3	0.0	0.2727272727272727	0.0227272727272727	4	10	8	11	505	major
506	506	couperin_concerts	c08n11_air_baccantes	1723.4204871060172	1724	G	I	3	-1	7	-4	5	-4	0.0	0.3275862068965517	0.0862068965517241	4	11	9	11	507	major
507	507	couperin_concerts	c09n01_charme	1723.4204871060172	1724	E	I	4	-4	6	-4	5	-4	0.0	0.344	0.032	8	10	9	11	508	major
508	508	couperin_concerts	c09n02_lenjouement	1723.4204871060172	1724	E	I	5	-4	6	-4	5	-4	0.0	0.2011834319526627	0.0414201183431952	9	10	9	11	509	major
509	509	couperin_concerts	c09n03_graces	1723.4204871060172	1724	E	I	5	-4	6	-4	6	-4	0.0	0.2183908045977011	0.0344827586206896	9	10	10	11	510	major
510	510	couperin_concerts	c09n04_Lejene	1723.4204871060172	1724	E	I	4	-1	9	-4	5	-3	0.0	0.4545454545454545	0.0	5	13	8	11	511	major
511	511	couperin_concerts	c09n05_vivacite	1723.4204871060172	1724	E	I	5	-4	6	-4	6	-4	0.0	0.3950617283950617	0.0864197530864197	9	10	10	11	512	major
517	517	couperin_concerts	c10n03_plainte	1723.4204871060172	1724	A	I	5	-1	5	-4	5	-4	0.108433734939759	0.3132530120481928	0.1686746987951807	6	9	9	11	518	major
518	518	couperin_concerts	c10n04_tromba	1723.4204871060172	1724	A	I	4	-1	5	-1	5	-2	0.0	0.0	0.0151515151515151	5	6	7	11	519	major
523	523	couperin_concerts	c11n05_seconde_courante	1723.4204871060172	1724	C	I	4	-4	8	-4	6	-4	0.0	0.4216867469879518	0.036144578313253	8	12	10	11	524	major
533	533	couperin_concerts	parnasse_03	1723.4204871060172	1724	D	I	5	-4	6	-4	6	-4	0.0	0.3981481481481481	0.287037037037037	9	10	10	11	534	major
534	534	couperin_concerts	parnasse_04	1723.4204871060172	1724	D	I	4	-4	5	-4	8	-4	0.0	0.51	0.13	8	9	12	11	535	major
535	535	couperin_concerts	parnasse_05	1723.4204871060172	1724	D	I	5	-4	6	-4	5	-4	0.03	0.25	0.08	9	10	9	11	536	major
536	536	couperin_concerts	parnasse_06	1723.4204871060172	1724	D	I	3	-4	6	-4	5	-5	0.0	0.5892857142857143	0.1071428571428571	7	10	10	11	537	major
541	541	pergolesi_stabat_mater	04. Quae moerebat et dolebat	1736.0	1736	Eb	I	6	-2	6	-11	6	-3	0.0186915887850467	0.1448598130841121	0.1214953271028037	8	17	9	12	542	major
546	546	scarlatti_sonatas	K002	1741.1259598104884	1739	G	I	7	-1	5	-4	7	-1	0.0416666666666666	0.2083333333333333	0.0833333333333333	8	9	8	13	547	major
550	550	scarlatti_sonatas	K006	1741.1259598104884	1739	F	I	8	-4	8	-4	8	-4	0.1136363636363636	0.4772727272727273	0.3295454545454545	12	12	12	13	551	major
557	557	scarlatti_sonatas	K013	1741.1259598104884	1739	G	I	7	-4	8	-4	8	-4	0.0920502092050209	0.3933054393305439	0.2384937238493724	11	12	12	13	558	major
558	558	scarlatti_sonatas	K014	1741.1259598104884	1739	G	I	6	-4	8	-4	8	-4	0.0704225352112676	0.4154929577464789	0.323943661971831	10	12	12	13	559	major
559	559	scarlatti_sonatas	K017	1741.1259598104884	1739	F	I	5	-4	8	-4	5	-4	0.0357142857142857	0.3877551020408163	0.2091836734693877	9	12	9	13	560	major
562	562	scarlatti_sonatas	K020	1741.1259598104884	1739	E	I	5	-4	6	-5	7	-5	0.0486111111111111	0.9444444444444444	0.4305555555555556	9	11	12	13	563	major
563	563	scarlatti_sonatas	K021	1741.1259598104884	1739	D	I	5	-1	8	-4	8	-4	0.0	0.4122137404580153	0.1221374045801526	6	12	12	13	564	major
565	565	scarlatti_sonatas	K023	1741.1259598104884	1739	D	I	5	-3	6	-5	6	-4	0.0112359550561797	0.3745318352059925	0.3183520599250936	8	11	10	13	566	major
570	570	scarlatti_sonatas	K033	1741.1259598104884	1739	D	I	5	-3	5	-6	6	-4	0.1351351351351351	0.2342342342342342	0.7297297297297297	8	11	10	13	571	major
575	575	scarlatti_sonatas	K039	1741.1259598104884	1739	A	I	6	-4	5	-4	6	-4	0.1990291262135922	0.8883495145631068	0.3786407766990291	10	9	10	13	576	major
577	577	scarlatti_sonatas	K044	1741.1259598104884	1742	F	I	5	-3	6	-5	9	-4	0.0631067961165048	0.5728155339805825	0.5631067961165048	8	11	13	13	578	major
578	578	scarlatti_sonatas	K046	1741.1259598104884	1742	E	I	6	-4	12	-5	6	-5	0.10625	0.846875	0.178125	10	17	11	13	579	major
579	579	scarlatti_sonatas	K047	1741.1259598104884	1742	Bb	I	8	-1	8	-5	9	-5	0.0357142857142857	0.461038961038961	0.3214285714285714	9	13	14	13	580	major
581	581	scarlatti_sonatas	K049	1741.1259598104884	1742	C	I	5	-2	9	-5	8	-5	0.0226415094339622	0.3849056603773585	0.2452830188679245	7	14	13	13	582	major
583	583	scarlatti_sonatas	K051	1741.1259598104884	1742	Eb	I	7	-2	9	-4	10	-5	0.0901960784313725	0.5372549019607843	0.3843137254901961	9	13	15	13	584	major
585	585	scarlatti_sonatas	K053	1741.1259598104884	1742	D	I	5	-4	5	-4	5	-4	0.0671641791044776	0.9104477611940298	0.0746268656716417	9	9	9	13	586	major
587	587	scarlatti_sonatas	K055	1741.1259598104884	1742	G	I	5	-2	7	-5	7	-5	0.0051020408163265	0.6428571428571429	0.5	7	12	12	13	588	major
589	589	scarlatti_sonatas	K057	1741.1259598104884	1742	Bb	I	10	-1	9	-5	10	-3	0.0590163934426229	0.3737704918032787	0.4262295081967213	11	14	13	13	590	major
590	590	scarlatti_sonatas	K059	1741.1259598104884	1742	F	I	5	-5	6	-4	5	-5	0.2916666666666667	0.40625	0.3333333333333333	10	10	10	13	591	major
592	592	scarlatti_sonatas	K062	1741.1259598104884	1742	A	I	6	-3	5	-7	6	-7	0.5483870967741935	0.7903225806451613	0.8467741935483871	9	12	13	13	593	major
593	593	scarlatti_sonatas	K063	1741.1259598104884	1742	G	I	5	-5	5	-4	6	-5	0.0701754385964912	0.4298245614035088	0.1052631578947368	10	9	11	13	594	major
595	595	scarlatti_sonatas	K065	1741.1259598104884	1742	A	I	8	-5	7	-4	8	-5	0.1194029850746268	0.2686567164179104	0.1194029850746268	13	11	13	13	596	major
596	596	scarlatti_sonatas	K066	1741.1259598104884	1742	Bb	I	5	-1	8	-4	7	-2	0.0	0.106145251396648	0.0391061452513966	6	12	9	13	597	major
598	598	scarlatti_sonatas	K068	1741.1259598104884	1742	Eb	I	5	-5	7	-4	7	-5	0.0516129032258064	0.3677419354838709	0.2645161290322581	10	11	12	13	599	major
600	600	scarlatti_sonatas	K071	1741.1259598104884	1742	G	I	6	-1	6	-4	6	-4	0.0227272727272727	0.3484848484848485	0.1969696969696969	7	10	10	13	601	major
601	601	scarlatti_sonatas	K072	1741.1259598104884	1742	C	I	6	-1	9	-4	10	-4	0.0076335877862595	0.5954198473282443	0.4580152671755725	7	13	14	13	602	major
602	602	scarlatti_sonatas	K074	1741.1259598104884	1742	A	I	5	-1	5	-2	5	-1	0.0	0.0175438596491228	0.0	6	7	6	13	603	major
603	603	scarlatti_sonatas	K075	1741.1259598104884	1742	G	I	6	-1	6	-5	6	-3	0.0103092783505154	0.7628865979381443	0.0309278350515463	7	11	9	13	604	major
607	607	scarlatti_sonatas	K094	1741.1259598104884	1746	F	I	5	-5	5	-4	7	-5	0.0727272727272727	0.7090909090909091	0.2545454545454545	10	9	12	13	608	major
608	608	scarlatti_sonatas	K095	1741.1259598104884	1746	C	I	5	-1	6	-2	5	-1	0.0	0.2272727272727272	0.0	6	8	6	13	609	major
609	609	scarlatti_sonatas	K096	1741.1259598104884	1746	D	I	6	-4	8	-5	6	-5	0.031700288184438	0.4351585014409221	0.170028818443804	10	13	11	13	610	major
613	613	scarlatti_sonatas	K100	1741.1259598104884	1749	C	I	6	-1	7	-3	7	-2	0.0629370629370629	0.2027972027972027	0.1188811188811188	7	10	9	13	614	major
614	614	wf_bach_sonatas	F001_n08a	1760.0	1760	C	I	10	-1	10	-4	10	-4	0.1428571428571428	0.3842364532019704	0.5024630541871922	11	14	14	14	615	major
615	615	wf_bach_sonatas	F001_n08b	1760.0	1760	C	I	8	-4	6	-12	9	-5	0.4	0.7866666666666666	0.48	12	18	14	14	616	major
616	616	wf_bach_sonatas	F001_n08c	1760.0	1760	C	I	9	-2	8	-9	10	-3	0.0930232558139534	0.3906976744186046	0.2651162790697674	11	17	13	14	617	major
617	617	wf_bach_sonatas	F002_n07a	1760.0	1760	C	I	6	-4	6	-5	9	-4	0.2700729927007299	0.4817518248175182	0.7007299270072993	10	11	13	14	618	major
619	619	wf_bach_sonatas	F002_n07c	1760.0	1760	C	I	9	-2	8	-2	9	-2	0.0736196319018405	0.1226993865030674	0.2331288343558282	11	10	11	14	620	major
620	620	wf_bach_sonatas	F003_n04a	1760.0	1760	D	I	9	-1	10	-4	9	-2	0.1423948220064725	0.3462783171521035	0.2200647249190938	10	14	11	14	621	major
622	622	wf_bach_sonatas	F003_n04c	1760.0	1760	D	I	8	-4	8	-5	10	-4	0.176056338028169	0.528169014084507	0.7147887323943662	12	13	14	14	623	major
623	623	jc_bach_sonatas	wa01op05no1a_Allegretto	1772.6041876384136	1765	Bb	I	6	-1	8	-3	7	-2	0.009090909090909	0.1636363636363636	0.1454545454545454	7	11	9	15	624	major
624	624	jc_bach_sonatas	wa01op05no1b_Tempo_di_Minuetto	1772.6041876384136	1765	Bb	I	6	-1	6	-1	6	-1	0.0410958904109589	0.0136986301369863	0.0273972602739726	7	7	7	15	625	major
625	625	jc_bach_sonatas	wa02op05no2a_Allegro_di_molto	1772.6041876384136	1765	D	I	7	-1	8	-2	9	-2	0.0192307692307692	0.1346153846153846	0.0884615384615384	8	10	11	15	626	major
626	626	jc_bach_sonatas	wa02op05no2b_Andante_di_molto	1772.6041876384136	1765	G	I	7	-1	7	-4	8	-2	0.0347826086956521	0.1391304347826087	0.1391304347826087	8	11	10	15	627	major
627	627	jc_bach_sonatas	wa02op05no2c_Minuetto	1772.6041876384136	1765	D	I	6	-1	7	-1	6	-2	0.0169491525423728	0.0847457627118644	0.0508474576271186	7	8	8	15	628	major
629	629	jc_bach_sonatas	wa03op05no3a_Allegro	1772.6041876384136	1765	G	I	7	-1	7	-4	8	-5	0.1739130434782608	0.217391304347826	0.2608695652173913	8	11	13	15	630	major
630	630	jc_bach_sonatas	wa03op05no3b_Allegretto	1772.6041876384136	1765	G	I	6	-1	6	-1	9	-1	0.0677966101694915	0.0169491525423728	0.2966101694915254	7	7	10	15	631	major
631	631	jc_bach_sonatas	wa04op05no4a_Allegro	1772.6041876384136	1765	Eb	I	6	-4	7	-5	6	-4	0.1302083333333333	0.2083333333333333	0.25	10	12	10	15	632	major
632	632	jc_bach_sonatas	wa04op05no4b_Rondeaux	1772.6041876384136	1765	Eb	I	6	-3	6	-4	8	-4	0.1052631578947368	0.3245614035087719	0.219298245614035	9	10	12	15	633	major
633	633	jc_bach_sonatas	wa05op05no5a_Allegro_Assai	1772.6041876384136	1765	E	I	6	-4	6	-7	8	-4	0.1067961165048543	0.1941747572815534	0.203883495145631	10	13	12	15	634	major
634	634	jc_bach_sonatas	wa05op05no5b_Adagio	1772.6041876384136	1765	A	I	7	-1	7	-2	8	-2	0.0314960629921259	0.0314960629921259	0.0708661417322834	8	9	10	15	635	major
635	635	jc_bach_sonatas	wa05op05no5c_Prestissimo	1772.6041876384136	1765	E	I	5	-4	6	-5	8	-4	0.0738916256157635	0.3399014778325123	0.2906403940886699	9	11	12	15	636	major
639	639	jc_bach_sonatas	wa07op17no1a_Minuetto_Con_Variatione	1772.6041876384136	1780	G	I	7	-1	7	-2	9	-2	0.0280898876404494	0.1011235955056179	0.1404494382022472	8	9	11	15	640	major
641	641	jc_bach_sonatas	wa08op17no2b_Andante	1772.6041876384136	1780	Eb	I	6	-1	7	-4	9	-2	0.0215827338129496	0.079136690647482	0.3597122302158273	7	11	11	15	642	major
643	643	jc_bach_sonatas	wa09op17no3a_Allegro_Assai	1772.6041876384136	1780	Eb	I	6	-4	8	-5	7	-5	0.097378277153558	0.2097378277153558	0.348314606741573	10	13	12	15	644	major
644	644	jc_bach_sonatas	wa09op17no3b_Allegro	1772.6041876384136	1780	Eb	I	7	-1	8	-3	7	-2	0.0219780219780219	0.0714285714285714	0.1043956043956044	8	11	9	15	645	major
645	645	jc_bach_sonatas	wa10op17no4a_Allegro	1772.6041876384136	1780	G	I	6	-5	8	-5	9	-5	0.0723981900452488	0.2579185520361991	0.3031674208144796	11	13	14	15	646	major
646	646	jc_bach_sonatas	wa10op17no4b_Presto_Assai	1772.6041876384136	1780	G	I	7	-2	7	-1	9	-2	0.0256410256410256	0.0341880341880341	0.094017094017094	9	8	11	15	647	major
647	647	jc_bach_sonatas	wa11op17no5a_Allegro	1772.6041876384136	1780	A	I	7	-1	8	-5	9	-4	0.0628019323671497	0.1545893719806763	0.2125603864734299	8	13	13	15	648	major
648	648	jc_bach_sonatas	wa11op17no5b_Presto	1772.6041876384136	1780	A	I	8	-1	7	-4	8	-2	0.03125	0.1607142857142857	0.0982142857142857	9	11	10	15	649	major
649	649	jc_bach_sonatas	wa12op17no6a_Allegro	1772.6041876384136	1780	Bb	I	9	-2	8	-8	10	-3	0.0310880829015544	0.2020725388601036	0.6113989637305699	11	16	13	15	650	major
650	650	jc_bach_sonatas	wa12op17no6b_Andante	1772.6041876384136	1780	Eb	I	6	-1	7	-4	9	-2	0.0060975609756097	0.0609756097560975	0.2012195121951219	7	11	11	15	651	major
651	651	jc_bach_sonatas	wa12op17no6c_Prestissimo	1772.6041876384136	1780	Bb	I	6	-4	8	-8	8	-4	0.1688311688311688	0.3636363636363636	0.8225108225108225	10	16	12	15	652	major
652	652	mozart_piano_sonatas	K279-1	1780.7395798599532	1775	C	I	8	-2	9	-4	9	-3	0.0528455284552845	0.2520325203252032	0.3861788617886179	10	13	12	16	653	major
653	653	mozart_piano_sonatas	K279-2	1780.7395798599532	1775	F	I	8	-1	6	-4	10	-3	0.152317880794702	0.2185430463576159	0.8211920529801324	9	10	13	16	654	major
654	654	mozart_piano_sonatas	K279-3	1780.7395798599532	1775	C	I	9	-4	9	-4	9	-4	0.1437699680511182	0.2076677316293929	0.3130990415335463	13	13	13	16	655	major
655	655	mozart_piano_sonatas	K280-1	1780.7395798599532	1775	F	I	9	-4	8	-5	10	-5	0.1846846846846846	0.2747747747747748	0.7207207207207207	13	13	15	16	656	major
657	657	mozart_piano_sonatas	K280-3	1780.7395798599532	1775	F	I	6	-5	5	-4	9	-5	0.1179487179487179	0.1282051282051282	0.4564102564102564	11	9	14	16	658	major
658	658	mozart_piano_sonatas	K281-1	1780.7395798599532	1775	Bb	I	7	-3	6	-5	9	-4	0.1182266009852216	0.2019704433497537	0.7980295566502463	10	11	13	16	659	major
659	659	mozart_piano_sonatas	K281-2	1780.7395798599532	1775	Eb	I	7	-1	7	-4	8	-2	0.0933333333333333	0.1866666666666666	0.1933333333333333	8	11	10	16	660	major
660	660	mozart_piano_sonatas	K281-3	1780.7395798599532	1775	Bb	I	7	-1	8	-5	10	-4	0.1005291005291005	0.2830687830687831	0.3968253968253968	8	13	14	16	661	major
661	661	mozart_piano_sonatas	K282-1	1780.7395798599532	1775	Eb	I	7	-1	7	-4	10	-3	0.0980392156862745	0.284313725490196	0.6274509803921569	8	11	13	16	662	major
662	662	mozart_piano_sonatas	K282-2	1780.7395798599532	1775	Bb	I	7	-4	6	-9	8	-4	0.1031746031746031	0.2777777777777778	0.2698412698412698	11	15	12	16	663	major
663	663	mozart_piano_sonatas	K282-3	1780.7395798599532	1775	Eb	I	6	-1	9	-4	9	-5	0.0238095238095238	0.3869047619047619	0.3333333333333333	7	13	14	16	664	major
664	664	mozart_piano_sonatas	K283-1	1780.7395798599532	1775	G	I	6	-1	9	-5	9	-2	0.031055900621118	0.1583850931677018	0.1490683229813664	7	14	11	16	665	major
665	665	mozart_piano_sonatas	K283-2	1780.7395798599532	1775	C	I	8	-1	8	-4	9	-5	0.1829268292682926	0.2804878048780488	0.3719512195121951	9	12	14	16	666	major
666	666	mozart_piano_sonatas	K283-3	1780.7395798599532	1775	G	I	9	-4	8	-4	9	-4	0.1641337386018237	0.270516717325228	0.5501519756838906	13	12	13	16	667	major
667	667	mozart_piano_sonatas	K284-1	1780.7395798599532	1775	D	I	7	-5	9	-4	9	-5	0.1039755351681957	0.4770642201834862	0.3363914373088685	12	13	14	16	668	major
668	668	mozart_piano_sonatas	K284-2	1780.7395798599532	1775	A	I	8	-4	7	-5	9	-4	0.092511013215859	0.1233480176211453	0.4449339207048458	12	12	13	16	669	major
669	669	mozart_piano_sonatas	K284-3	1780.7395798599532	1775	D	I	9	-5	8	-5	10	-5	0.0901639344262295	0.2377049180327868	0.4043715846994535	14	13	15	16	670	major
670	670	mozart_piano_sonatas	K309-1	1780.7395798599532	1777	C	I	7	-4	7	-5	11	-4	0.1254125412541254	0.2937293729372937	0.4356435643564356	11	12	15	16	671	major
671	671	mozart_piano_sonatas	K309-2	1780.7395798599532	1777	F	I	6	-1	9	-4	9	-4	0.0318725099601593	0.1553784860557769	0.3745019920318725	7	13	13	16	672	major
672	672	mozart_piano_sonatas	K309-3	1780.7395798599532	1777	C	I	8	-1	9	-4	11	-4	0.0987341772151898	0.3265822784810127	0.3848101265822785	9	13	15	16	673	major
674	674	mozart_piano_sonatas	K310-2	1780.7395798599532	1777	F	I	7	-4	8	-4	9	-4	0.076	0.216	0.32	11	12	13	16	675	major
676	676	mozart_piano_sonatas	K311-1	1780.7395798599532	1778	D	I	8	-4	8	-5	9	-4	0.0791139240506329	0.1867088607594936	0.2594936708860759	12	13	13	16	677	major
677	677	mozart_piano_sonatas	K311-2	1780.7395798599532	1778	G	I	8	-1	9	-4	9	-1	0.102127659574468	0.1319148936170212	0.2297872340425532	9	13	10	16	678	major
678	678	mozart_piano_sonatas	K311-3	1780.7395798599532	1778	D	I	7	-5	8	-5	9	-5	0.0452674897119341	0.1337448559670782	0.2962962962962963	12	13	14	16	679	major
679	679	mozart_piano_sonatas	K330-1	1780.7395798599532	1783	C	I	8	-1	9	-5	9	-3	0.0629370629370629	0.2027972027972027	0.2902097902097902	9	14	12	16	680	major
680	680	mozart_piano_sonatas	K330-2	1780.7395798599532	1783	F	I	7	-4	8	-4	8	-4	0.2067039106145251	0.2681564245810056	0.2793296089385474	11	12	12	16	681	major
681	681	mozart_piano_sonatas	K330-3	1780.7395798599532	1783	C	I	8	-2	10	-4	9	-4	0.0498614958448753	0.1911357340720221	0.2382271468144044	10	14	13	16	682	major
682	682	mozart_piano_sonatas	K331-1	1780.7395798599532	1783	A	I	7	-1	5	-4	10	-4	0.0432432432432432	0.1486486486486486	0.7162162162162162	8	9	14	16	683	major
683	683	mozart_piano_sonatas	K331-2	1780.7395798599532	1783	A	I	6	-1	7	-4	8	-5	0.0125786163522012	0.3081761006289308	0.2138364779874214	7	11	13	16	684	major
685	685	mozart_piano_sonatas	K332-1	1780.7395798599532	1783	F	I	8	-4	8	-5	10	-4	0.2031746031746031	0.4	0.4952380952380952	12	13	14	16	686	major
686	686	mozart_piano_sonatas	K332-2	1780.7395798599532	1783	Bb	I	5	-4	8	-4	9	-4	0.0727272727272727	0.4545454545454545	0.6363636363636364	9	12	13	16	687	major
687	687	mozart_piano_sonatas	K332-3	1780.7395798599532	1783	F	I	8	-4	8	-5	9	-4	0.1648106904231625	0.7282850779510023	0.3741648106904232	12	13	13	16	688	major
688	688	mozart_piano_sonatas	K333-1	1780.7395798599532	1783	Bb	I	8	-4	8	-4	9	-4	0.0700934579439252	0.2453271028037383	0.3574766355140187	12	12	13	16	689	major
689	689	mozart_piano_sonatas	K333-2	1780.7395798599532	1783	Eb	I	8	-4	10	-4	9	-5	0.1090047393364928	0.2748815165876777	0.4454976303317535	12	14	14	16	690	major
690	690	mozart_piano_sonatas	K333-3	1780.7395798599532	1783	Bb	I	8	-4	10	-5	10	-5	0.132286995515695	0.3273542600896861	0.3946188340807174	12	15	15	16	691	major
692	692	mozart_piano_sonatas	K457-2	1780.7395798599532	1784	Eb	I	7	-3	9	-4	9	-4	0.1261682242990654	0.3644859813084112	0.5747663551401869	10	13	13	16	693	major
694	694	mozart_piano_sonatas	K533-1	1780.7395798599532	1788	F	I	8	-5	10	-9	10	-5	0.2097902097902098	0.5961538461538461	0.472027972027972	13	19	15	16	695	major
695	695	mozart_piano_sonatas	K533-2	1780.7395798599532	1788	Bb	I	10	-5	12	-5	13	-5	0.2984496124031007	0.5930232558139535	1.2635658914728682	15	17	18	16	696	major
696	696	mozart_piano_sonatas	K533-3	1780.7395798599532	1788	F	I	8	-5	7	-4	10	-5	0.1682692307692307	0.2451923076923076	0.6658653846153846	13	11	15	16	697	major
697	697	mozart_piano_sonatas	K545-1	1780.7395798599532	1788	C	I	6	-4	6	-4	8	-4	0.0084745762711864	0.211864406779661	0.2796610169491525	10	10	12	16	698	major
698	698	mozart_piano_sonatas	K545-2	1780.7395798599532	1788	G	I	7	-4	9	-4	9	-4	0.1095890410958904	0.4657534246575342	0.6301369863013698	11	13	13	16	699	major
699	699	mozart_piano_sonatas	K545-3	1780.7395798599532	1788	C	I	6	-5	6	-4	8	-5	0.0769230769230769	0.3076923076923077	0.5034965034965035	11	10	13	16	700	major
700	700	mozart_piano_sonatas	K570-1	1780.7395798599532	1789	Bb	I	8	-4	9	-5	8	-5	0.0864197530864197	0.4320987654320987	0.3909465020576131	12	14	13	16	701	major
701	701	mozart_piano_sonatas	K570-2	1780.7395798599532	1789	Eb	I	8	-5	8	-4	12	-5	0.2131147540983606	0.2786885245901639	0.6639344262295082	13	12	17	16	702	major
702	702	mozart_piano_sonatas	K570-3	1780.7395798599532	1789	Bb	I	8	-4	9	-4	9	-4	0.1381818181818181	0.3272727272727272	0.3890909090909091	12	13	13	16	703	major
703	703	mozart_piano_sonatas	K576-1	1780.7395798599532	1789	D	I	7	-4	8	-5	9	-4	0.2020905923344947	0.3240418118466899	0.4076655052264808	11	13	13	16	704	major
704	704	mozart_piano_sonatas	K576-2	1780.7395798599532	1789	A	I	7	-4	8	-5	9	-6	0.3311258278145695	0.3642384105960264	1.490066225165563	11	13	15	16	705	major
705	705	mozart_piano_sonatas	K576-3	1780.7395798599532	1789	D	I	9	-1	9	-4	10	-4	0.1240105540897097	0.2374670184696569	0.4564643799472295	10	13	14	16	706	major
706	706	pleyel_quartets	b307op2n1a	1783.0	1783	A	I	9	-4	8	-4	9	-4	0.0589743589743589	0.2153846153846154	0.2153846153846154	13	12	13	17	707	major
708	708	pleyel_quartets	b307op2n1c	1783.0	1783	A	I	8	-1	7	-2	8	-4	0.1564625850340136	0.0204081632653061	0.1700680272108843	9	9	12	17	709	major
713	713	beethoven_piano_sonatas	01-2	1803.6208098935329	1795	F	I	5	-1	9	-4	10	-3	0.031578947368421	0.1473684210526315	0.5631578947368421	6	13	13	18	714	major
716	716	beethoven_piano_sonatas	02-1	1803.6208098935329	1795	A	I	7	-6	7	-13	8	-7	0.1476793248945147	0.4852320675105485	0.3270042194092827	13	20	15	18	717	major
717	717	beethoven_piano_sonatas	02-2	1803.6208098935329	1795	D	I	9	-4	9	-5	9	-5	0.0875	0.2583333333333333	0.1875	13	14	14	18	718	major
718	718	beethoven_piano_sonatas	02-3	1803.6208098935329	1795	A	I	5	-9	8	-8	5	-4	0.1666666666666666	0.8666666666666667	0.075	14	16	9	18	719	major
719	719	beethoven_piano_sonatas	02-4	1803.6208098935329	1795	A	I	7	-4	9	-6	10	-10	0.1686746987951807	0.5542168674698795	1.7710843373493976	11	15	20	18	720	major
720	720	beethoven_piano_sonatas	03-1	1803.6208098935329	1795	C	I	8	-11	11	-11	12	-5	0.2432432432432432	1.1164241164241164	0.8316008316008316	19	22	17	18	721	major
721	721	beethoven_piano_sonatas	03-2	1803.6208098935329	1795	E	I	9	-4	8	-5	9	-5	0.3534482758620689	0.4870689655172414	0.7672413793103449	13	13	14	18	722	major
722	722	beethoven_piano_sonatas	03-3	1803.6208098935329	1795	C	I	7	-5	7	-6	11	-5	0.2010309278350515	1.2010309278350515	0.6443298969072165	12	13	16	18	723	major
723	723	beethoven_piano_sonatas	03-4	1803.6208098935329	1795	C	I	10	-4	10	-5	14	-5	0.2626262626262626	0.4204545454545454	0.4141414141414141	14	15	19	18	724	major
724	724	beethoven_piano_sonatas	20-1	1803.6208098935329	1796	G	I	8	-2	7	-3	8	-2	0.0213523131672597	0.1779359430604982	0.1103202846975089	10	10	10	18	725	major
725	725	beethoven_piano_sonatas	20-2	1803.6208098935329	1796	G	I	8	-1	8	-2	8	-1	0.0304878048780487	0.0975609756097561	0.2134146341463414	9	10	9	18	726	major
727	727	beethoven_piano_sonatas	05-2	1803.6208098935329	1797	Ab	I	8	-3	9	-5	14	-3	0.0674603174603174	0.365079365079365	0.4444444444444444	11	14	17	18	728	major
729	729	beethoven_piano_sonatas	06-1	1803.6208098935329	1797	F	I	9	-4	9	-4	9	-4	0.1257485029940119	0.7365269461077845	0.3502994011976048	13	13	13	18	730	major
731	731	beethoven_piano_sonatas	06-3	1803.6208098935329	1797	F	I	7	-5	7	-4	9	-5	0.1628664495114006	0.5342019543973942	0.4104234527687296	12	11	14	18	732	major
733	733	beethoven_piano_sonatas	19-2	1803.6208098935329	1797	G	I	7	-4	10	-4	8	-4	0.0263852242744063	0.3007915567282322	0.337730870712401	11	14	12	18	734	major
734	734	beethoven_piano_sonatas	07-1	1803.6208098935329	1798	D	I	8	-11	8	-11	10	-9	0.4674556213017751	1.680473372781065	2.100591715976331	19	19	19	18	735	major
736	736	beethoven_piano_sonatas	07-3	1803.6208098935329	1798	D	I	6	-1	8	-4	9	-4	0.0113636363636363	0.2840909090909091	0.25	7	12	13	18	737	major
737	737	beethoven_piano_sonatas	07-4	1803.6208098935329	1798	D	I	9	-5	9	-8	10	-5	0.2188679245283019	0.6339622641509434	0.7358490566037735	14	17	15	18	738	major
739	739	beethoven_piano_sonatas	08-2	1803.6208098935329	1798	Ab	I	8	0	7	-4	19	-4	0.0289855072463768	0.2608695652173913	2.717391304347826	8	11	23	18	740	major
741	741	beethoven_piano_sonatas	09-1	1803.6208098935329	1798	E	I	7	-4	8	-5	9	-5	0.1217391304347826	0.417391304347826	0.4347826086956521	11	13	14	18	742	major
743	743	beethoven_piano_sonatas	09-3	1803.6208098935329	1798	E	I	8	-6	9	-6	11	-6	0.1478599221789883	0.424124513618677	0.3307392996108949	14	15	17	18	744	major
744	744	beethoven_piano_sonatas	10-1	1803.6208098935329	1799	G	I	6	-5	9	-4	10	-5	0.1396011396011396	0.4045584045584046	0.6153846153846154	11	13	15	18	745	major
745	745	beethoven_piano_sonatas	10-2	1803.6208098935329	1799	C	I	8	-1	9	-4	9	-2	0.0981012658227848	0.3575949367088608	0.1582278481012658	9	13	11	18	746	major
746	746	beethoven_piano_sonatas	10-3	1803.6208098935329	1799	G	I	8	-2	9	-4	9	-3	0.1645569620253164	0.439873417721519	0.379746835443038	10	13	12	18	747	major
747	747	beethoven_piano_sonatas	16-1	1803.6208098935329	1802	G	I	10	-4	9	-4	10	-4	0.1966666666666666	0.79	0.5866666666666667	14	13	14	18	748	major
748	748	beethoven_piano_sonatas	16-2	1803.6208098935329	1802	C	I	7	-5	13	-9	10	-5	0.2982456140350877	0.8701754385964913	1.1473684210526316	12	22	15	18	749	major
749	749	beethoven_piano_sonatas	16-3	1803.6208098935329	1802	G	I	9	-5	12	-6	10	-6	0.1289855072463768	0.755072463768116	0.4565217391304347	14	18	16	18	750	major
751	751	beethoven_piano_sonatas	17-2	1803.6208098935329	1802	Bb	I	8	-1	10	-5	9	-5	0.0941704035874439	0.695067264573991	0.2466367713004484	9	15	14	18	752	major
753	753	beethoven_piano_sonatas	18-1	1803.6208098935329	1802	Eb	I	9	-4	8	-5	10	-4	0.182509505703422	0.6653992395437263	0.6920152091254753	13	13	14	18	754	major
754	754	beethoven_piano_sonatas	18-2	1803.6208098935329	1802	Ab	I	9	-2	9	-4	13	-4	0.2209737827715356	0.7378277153558053	0.5543071161048689	11	13	17	18	755	major
755	755	beethoven_piano_sonatas	18-3	1803.6208098935329	1802	Eb	I	8	-5	9	-4	9	-5	0.1025641025641025	0.4358974358974359	0.2756410256410256	13	13	14	18	756	major
756	756	beethoven_piano_sonatas	18-4	1803.6208098935329	1802	Eb	I	9	-5	13	-5	13	-5	0.2985074626865671	0.654228855721393	0.6144278606965174	14	18	18	18	757	major
757	757	beethoven_piano_sonatas	21-1	1803.6208098935329	1804	C	I	9	-7	12	-14	10	-7	0.240983606557377	1.080327868852459	0.7983606557377049	16	26	17	18	758	major
758	758	beethoven_piano_sonatas	21-2	1803.6208098935329	1804	F	I	11	-1	10	-4	11	-1	0.4024390243902439	0.9634146341463414	0.524390243902439	12	14	12	18	759	major
759	759	beethoven_piano_sonatas	21-3	1803.6208098935329	1804	C	I	7	-5	9	-7	10	-7	0.1442176870748299	0.6149659863945578	0.3945578231292517	12	16	17	18	760	major
761	761	beethoven_piano_sonatas	23-2	1803.6208098935329	1805	Db	I	6	-1	6	-4	10	-1	0.0434782608695652	0.1497584541062802	0.4396135265700483	7	10	11	18	762	major
763	763	beethoven_piano_sonatas	24-1	1803.6208098935329	1809	F#	I	8	-4	9	-4	9	-6	0.1328413284132841	0.4870848708487085	0.3542435424354243	12	13	15	18	764	major
764	764	beethoven_piano_sonatas	24-2	1803.6208098935329	1809	F#	I	6	-4	9	-6	10	-6	0.085173501577287	0.5583596214511041	0.1861198738170347	10	15	16	18	765	major
765	765	beethoven_piano_sonatas	26-1	1803.6208098935329	1810	Eb	I	9	-4	9	-12	9	-4	0.1842105263157894	0.7161654135338346	0.2857142857142857	13	21	13	18	766	major
766	766	beethoven_piano_sonatas	26-2	1803.6208098935329	1810	Eb	I	9	-3	9	-9	10	-3	0.6532258064516129	1.653225806451613	1.1612903225806452	12	18	13	18	767	major
767	767	beethoven_piano_sonatas	26-3	1803.6208098935329	1810	Eb	I	7	-4	9	-4	19	-5	0.0891719745222929	0.3980891719745223	1.894904458598726	11	13	24	18	768	major
768	768	beethoven_piano_sonatas	30-1	1803.6208098935329	1820	E	I	10	-4	10	-5	10	-4	0.26	0.588	0.352	14	15	14	18	769	major
770	770	beethoven_piano_sonatas	30-3	1803.6208098935329	1820	E	I	10	-5	13	-9	10	-5	0.1863057324840764	0.6273885350318471	0.3136942675159235	15	22	15	18	771	major
771	771	beethoven_piano_sonatas	31-1	1803.6208098935329	1822	Ab	I	9	-5	9	-8	16	-4	0.191044776119403	0.4895522388059701	1.2238805970149254	14	17	20	18	772	major
773	773	beethoven_piano_sonatas	31-3	1803.6208098935329	1822	Ab	I	10	-5	10	-5	13	-5	0.3442367601246106	0.6697819314641744	0.5872274143302181	15	15	18	18	774	major
775	775	beethoven_piano_sonatas	32-2	1803.6208098935329	1822	C	I	9	-11	10	-10	11	-4	0.1058530510585305	0.5765877957658779	0.448318804483188	20	20	15	18	776	major
776	776	kozeluh_sonatas	09op08no1a	1806.0	1806	C	I	7	-5	8	-5	8	-5	0.2242647058823529	0.3455882352941176	0.4338235294117647	12	13	13	19	777	major
777	777	kozeluh_sonatas	09op08no1b	1806.0	1806	C	I	6	-1	9	-4	8	-4	0.174496644295302	0.1342281879194631	0.2416107382550335	7	13	12	19	778	major
778	778	kozeluh_sonatas	10op08no2a	1806.0	1806	F	I	8	-4	9	-4	8	-4	0.1485714285714285	0.5942857142857143	0.1742857142857143	12	13	12	19	779	major
779	779	kozeluh_sonatas	10op08no2b	1806.0	1806	C	I	8	-1	7	-3	8	-1	0.0818713450292397	0.1578947368421052	0.239766081871345	9	10	9	19	780	major
780	780	kozeluh_sonatas	10op08no2c	1806.0	1806	F	I	8	-1	9	-2	9	-1	0.0324543610547667	0.0365111561866125	0.1643002028397566	9	11	10	19	781	major
781	781	kozeluh_sonatas	11op10no1a	1806.0	1806	Eb	I	7	-5	9	-11	8	-5	0.2271805273833671	0.5030425963488844	0.6085192697768763	12	20	13	19	782	major
782	782	kozeluh_sonatas	14op13no2a	1806.0	1806	G	I	8	-1	9	-5	9	-3	0.1032863849765258	0.3427230046948357	0.2300469483568075	9	14	12	19	783	major
783	783	kozeluh_sonatas	14op13no2b	1806.0	1806	D	I	8	-1	9	-3	8	-2	0.0522875816993464	0.1503267973856209	0.1241830065359477	9	12	10	19	784	major
784	784	kozeluh_sonatas	14op13no2c	1806.0	1806	G	I	7	-4	9	-7	8	-4	0.0582010582010582	0.3809523809523809	0.1693121693121693	11	16	12	19	785	major
786	786	kozeluh_sonatas	15op13no3b	1806.0	1806	E	I	7	-4	8	-4	9	-7	0.1063829787234042	0.2765957446808511	0.4297872340425532	11	12	16	19	787	major
789	789	kozeluh_sonatas	16op15no1b	1806.0	1806	G	I	8	-4	8	-4	10	-4	0.1335877862595419	0.1450381679389313	0.2977099236641221	12	12	14	19	790	major
790	790	kozeluh_sonatas	17op15no2a	1806.0	1806	C	I	8	-4	9	-9	9	-9	0.1328273244781783	0.4554079696394686	0.4174573055028463	12	18	18	19	791	major
791	791	kozeluh_sonatas	17op15no2b	1806.0	1806	F	I	8	-4	8	-4	9	-4	0.1428571428571428	0.1928571428571428	0.4142857142857143	12	12	13	19	792	major
792	792	kozeluh_sonatas	17op15no2c	1806.0	1806	C	I	7	-4	8	-5	10	-5	0.2233766233766233	0.3194805194805195	0.9766233766233766	11	13	15	19	793	major
796	796	kozeluh_sonatas	20op17no2a	1806.0	1806	A	I	8	-4	8	-4	9	-5	0.1348684210526315	0.2483552631578947	0.2105263157894736	12	12	14	19	797	major
797	797	kozeluh_sonatas	20op17no2b	1806.0	1806	E	I	8	-4	9	-5	8	-4	0.1890034364261168	0.3711340206185567	0.2474226804123711	12	14	12	19	798	major
798	798	kozeluh_sonatas	20op17no2c	1806.0	1806	A	I	8	-4	9	-4	9	-4	0.0912863070539419	0.1846473029045643	0.1908713692946058	12	13	13	19	799	major
799	799	kozeluh_sonatas	21op17no3a	1806.0	1806	Eb	I	8	-4	9	-8	10	-4	0.1160220994475138	0.3830570902394107	0.578268876611418	12	17	14	19	800	major
800	800	kozeluh_sonatas	21op17no3b	1806.0	1806	Eb	I	7	-4	8	-4	10	-4	0.2614601018675722	0.2835314091680815	0.4940577249575552	11	12	14	19	801	major
801	801	kozeluh_sonatas	22op20no1a	1806.0	1806	F	I	6	-4	7	-4	6	-5	0.1267123287671233	0.3527397260273973	0.25	10	11	11	19	802	major
802	802	kozeluh_sonatas	22op20no1b	1806.0	1806	Bb	I	5	-1	8	-2	10	-1	0.0	0.119047619047619	0.2619047619047619	6	10	11	19	803	major
803	803	kozeluh_sonatas	22op20no1c	1806.0	1806	F	I	7	-1	8	-4	9	-4	0.0224719101123595	0.149812734082397	0.1310861423220973	8	12	13	19	804	major
804	804	kozeluh_sonatas	23op20no2a	1806.0	1806	C	I	8	-4	8	-4	8	-4	0.1252525252525252	0.3191919191919192	0.2707070707070707	12	12	12	19	805	major
805	805	kozeluh_sonatas	23op20no2b	1806.0	1806	F	I	8	-4	8	-4	9	-4	0.16	0.34	0.3866666666666666	12	12	13	19	806	major
806	806	kozeluh_sonatas	23op20no2c	1806.0	1806	C	I	7	-4	7	-4	9	-4	0.1359516616314199	0.3806646525679758	0.2779456193353474	11	11	13	19	807	major
808	808	kozeluh_sonatas	24op20no3b	1806.0	1806	D	I	8	-1	7	-3	10	-1	0.1209677419354838	0.0806451612903225	0.5080645161290323	9	10	11	19	809	major
810	810	kozeluh_sonatas	25op26no1a	1806.0	1806	D	I	9	-4	7	-6	9	-4	0.2081712062256809	0.424124513618677	0.3988326848249027	13	13	13	19	811	major
811	811	kozeluh_sonatas	25op26no1b	1806.0	1806	A	I	8	-4	9	-4	9	-4	0.1241830065359477	0.2745098039215686	0.3006535947712418	12	13	13	19	812	major
812	812	kozeluh_sonatas	25op26no1c	1806.0	1806	D	I	6	-4	6	-4	9	-4	0.1333333333333333	0.3041666666666666	0.275	10	10	13	19	813	major
815	815	kozeluh_sonatas	27op26no3a	1806.0	1806	Eb	I	9	-4	8	-4	9	-4	0.1981981981981982	0.3135135135135135	0.3693693693693693	13	12	13	19	816	major
817	817	kozeluh_sonatas	27op26no3c	1806.0	1806	Eb	I	8	-4	9	-4	10	-4	0.1469387755102041	0.3469387755102041	0.8	12	13	14	19	818	major
818	818	kozeluh_sonatas	28op30no1a	1806.0	1806	Bb	I	8	-4	8	-4	10	-4	0.1482558139534883	0.5552325581395349	0.6104651162790697	12	12	14	19	819	major
819	819	kozeluh_sonatas	28op30no1b	1806.0	1806	Eb	I	8	-4	8	-4	8	-4	0.2054054054054054	0.5459459459459459	0.2648648648648649	12	12	12	19	820	major
820	820	kozeluh_sonatas	28op30no1c	1806.0	1806	Bb	I	7	-4	9	-6	10	-4	0.0809628008752735	0.2691466083150984	0.3150984682713348	11	15	14	19	821	major
821	821	kozeluh_sonatas	29op30no2a	1806.0	1806	G	I	9	-1	9	-4	9	-4	0.2296296296296296	0.328395061728395	0.4617283950617284	10	13	13	19	822	major
822	822	kozeluh_sonatas	29op30no2b	1806.0	1806	D	I	8	-4	6	-4	8	-4	0.3018867924528302	0.389937106918239	0.3396226415094339	12	10	12	19	823	major
823	823	kozeluh_sonatas	29op30no2c	1806.0	1806	G	I	9	-4	8	-4	10	-4	0.1181434599156118	0.379746835443038	0.3037974683544304	13	12	14	19	824	major
824	824	ABC	n01op18-1_01	1812.0509746203827	1799	F	I	9	-4	9	-11	9	-5	0.3086734693877551	0.5382653061224489	0.9438775510204082	13	20	14	20	825	major
826	826	ABC	n01op18-1_03	1812.0509746203827	1799	F	I	9	-8	9	-11	9	-4	0.2128712871287128	1.099009900990099	0.5792079207920792	17	20	13	20	827	major
827	827	ABC	n01op18-1_04	1812.0509746203827	1799	F	I	8	-4	9	-11	11	-7	0.1043771043771043	0.4663299663299663	0.7744107744107744	12	20	18	20	828	major
828	828	ABC	n03op18-3_01	1812.0509746203827	1799	D	I	8	-4	11	-8	11	-5	0.1631578947368421	0.5	0.5078947368421053	12	19	16	20	829	major
829	829	ABC	n03op18-3_02	1812.0509746203827	1799	Bb	I	10	-9	8	-13	10	-6	0.3121827411167512	0.4771573604060913	0.6142131979695431	19	21	16	20	830	major
830	830	ABC	n03op18-3_03	1812.0509746203827	1799	D	I	9	-4	9	-9	9	-5	0.2625899280575539	0.4892086330935252	0.4856115107913669	13	18	14	20	831	major
831	831	ABC	n03op18-3_04	1812.0509746203827	1799	D	I	9	-10	12	-9	12	-5	0.2153024911032028	0.5551601423487544	0.7526690391459074	19	21	17	20	832	major
833	833	ABC	n04op18-4_02	1812.0509746203827	1799	C	I	7	-4	9	-5	9	-4	0.125	0.2826086956521739	0.4239130434782608	11	14	13	20	834	major
836	836	ABC	n05op18-5_01	1812.0509746203827	1799	A	I	9	-5	9	-8	9	-5	0.175233644859813	0.4813084112149532	0.2967289719626168	14	17	14	20	837	major
837	837	ABC	n05op18-5_02	1812.0509746203827	1799	A	I	8	-1	6	-4	9	-4	0.0898203592814371	0.1437125748502994	0.2395209580838323	9	10	13	20	838	major
838	838	ABC	n05op18-5_03	1812.0509746203827	1799	D	I	8	-4	9	-4	9	-4	0.0663900414937759	0.3734439834024896	0.2572614107883817	12	13	13	20	839	major
839	839	ABC	n05op18-5_04	1812.0509746203827	1799	A	I	7	-4	8	-6	10	-5	0.0653710247349823	0.4275618374558304	0.3798586572438162	11	14	15	20	840	major
840	840	ABC	n02op18-2_01	1812.0509746203827	1800	G	I	8	-4	8	-5	10	-5	0.179381443298969	0.4865979381443299	0.6268041237113402	12	13	15	20	841	major
841	841	ABC	n02op18-2_02	1812.0509746203827	1800	C	I	8	-1	9	-4	9	-5	0.0621468926553672	0.2033898305084746	0.4576271186440678	9	13	14	20	842	major
842	842	ABC	n02op18-2_03	1812.0509746203827	1800	G	I	8	-1	9	-4	10	-2	0.0583941605839416	0.2627737226277372	0.8467153284671532	9	13	12	20	843	major
843	843	ABC	n02op18-2_04	1812.0509746203827	1800	G	I	8	-4	8	-11	10	-6	0.126068376068376	1.0213675213675213	0.7136752136752137	12	19	16	20	844	major
844	844	ABC	n06op18-6_01	1812.0509746203827	1800	Bb	I	9	-5	8	-4	10	-5	0.0889487870619946	0.3315363881401617	0.4851752021563342	14	12	15	20	845	major
845	845	ABC	n06op18-6_02	1812.0509746203827	1800	Eb	I	7	-5	8	-5	10	-5	0.090566037735849	0.490566037735849	0.6	12	13	15	20	846	major
846	846	ABC	n06op18-6_03	1812.0509746203827	1800	Bb	I	9	-4	8	-4	9	-4	0.3313253012048193	0.4277108433734939	0.6927710843373494	13	12	13	20	847	major
847	847	ABC	n06op18-6_04	1812.0509746203827	1800	Bb	I	11	-5	15	-8	11	-6	0.2172043010752688	0.6924731182795699	0.9376344086021504	16	23	17	20	848	major
848	848	ABC	n07op59-1_01	1812.0509746203827	1806	F	I	10	-9	12	-12	10	-8	0.2842323651452282	0.4854771784232365	0.5394190871369294	19	24	18	20	849	major
849	849	ABC	n07op59-1_02	1812.0509746203827	1806	Bb	I	10	-11	11	-13	16	-11	0.1785150078988941	0.7677725118483413	0.5703001579778831	21	24	27	20	850	major
851	851	ABC	n07op59-1_04	1812.0509746203827	1806	F	I	8	-5	9	-5	10	-6	0.173841059602649	0.6556291390728477	0.4718543046357616	13	14	16	20	852	major
853	853	ABC	n08op59-2_02	1812.0509746203827	1806	E	I	8	-3	9	-7	10	-4	0.156441717791411	0.6104294478527608	0.4662576687116564	11	16	14	20	854	major
856	856	ABC	n09op59-3_01	1812.0509746203827	1806	C	I	10	-9	8	-12	12	-5	0.2318271119842829	1.3772102161100197	1.343811394891945	19	20	17	20	857	major
858	858	ABC	n09op59-3_03	1812.0509746203827	1806	C	I	8	-4	8	-6	8	-4	0.1705882352941176	0.3	0.5352941176470588	12	14	12	20	859	major
859	859	ABC	n09op59-3_04	1812.0509746203827	1806	C	I	9	-11	8	-11	9	-15	0.1642651296829971	0.9798270893371758	0.6095100864553314	20	19	24	20	860	major
860	860	ABC	n10op74_01	1812.0509746203827	1809	Eb	I	9	-5	10	-14	10	-7	0.0896860986547085	0.8295964125560538	0.3452914798206278	14	24	17	20	861	major
861	861	ABC	n10op74_02	1812.0509746203827	1809	Ab	I	8	-11	8	-10	12	-4	0.1920529801324503	0.5894039735099338	0.5629139072847682	19	18	16	20	862	major
863	863	ABC	n10op74_04	1812.0509746203827	1809	Eb	I	10	-4	10	-4	10	-4	0.1495327102803738	0.3925233644859813	0.4174454828660436	14	14	14	20	864	major
865	865	ABC	n11op95_02	1812.0509746203827	1810	D	I	7	-5	12	-12	8	-10	0.2244318181818181	1.411931818181818	0.6676136363636364	12	24	18	20	866	major
868	868	ABC	n12op127_01	1812.0509746203827	1824	Eb	I	8	-8	9	-11	8	-5	0.0701438848920863	0.6241007194244604	0.3417266187050359	16	20	13	20	869	major
869	869	ABC	n12op127_02	1812.0509746203827	1824	Ab	I	10	-5	13	-7	18	-5	0.1715867158671586	0.5166051660516605	0.9372693726937268	15	20	23	20	870	major
870	870	ABC	n12op127_03	1812.0509746203827	1824	Eb	I	10	-4	9	-10	13	-5	0.1374407582938388	0.5284360189573459	0.4123222748815165	14	19	18	20	871	major
871	871	ABC	n12op127_04	1812.0509746203827	1824	Eb	I	9	-5	12	-11	11	-11	0.0824742268041237	0.4668630338733431	0.3829160530191458	14	23	22	20	872	major
873	873	ABC	n15op132_02	1812.0509746203827	1825	A	I	8	-4	9	-4	9	-4	0.1016949152542373	0.2605932203389831	0.3474576271186441	12	13	13	20	874	major
874	874	ABC	n15op132_03	1812.0509746203827	1825	C	I	6	-1	8	-3	9	-4	0.025691699604743	0.0968379446640316	0.2648221343873518	7	11	13	20	875	major
875	875	ABC	n15op132_04	1812.0509746203827	1825	A	I	6	-4	6	-5	7	-5	0.1964285714285714	0.2857142857142857	0.3660714285714285	10	11	12	20	876	major
877	877	ABC	n13op130_01	1812.0509746203827	1826	Bb	I	9	-8	9	-10	16	-4	0.1126564673157162	0.3393602225312934	0.3282336578581363	17	19	20	20	878	major
879	879	ABC	n13op130_03	1812.0509746203827	1826	Db	I	7	-4	10	-9	10	-7	0.0604026845637583	0.3646532438478747	0.3668903803131991	11	19	17	20	880	major
880	880	ABC	n13op130_04	1812.0509746203827	1826	G	I	6	-4	9	-4	8	-4	0.023728813559322	0.3322033898305084	0.1322033898305084	10	13	12	20	881	major
881	881	ABC	n13op130_05	1812.0509746203827	1826	Eb	I	8	-1	8	-4	8	-6	0.0748663101604278	0.2566844919786096	0.2941176470588235	9	12	14	20	882	major
882	882	ABC	n13op130_06	1812.0509746203827	1826	Bb	I	9	-1	12	-4	9	-5	0.145631067961165	0.3996763754045307	0.5032362459546925	10	16	14	20	883	major
884	884	ABC	n14op131_02	1812.0509746203827	1826	D	I	9	-4	12	-11	9	-4	0.0793201133144475	0.9036827195467422	0.405099150141643	13	23	13	20	885	major
886	886	ABC	n14op131_04	1812.0509746203827	1826	A	I	10	-2	11	-4	10	-5	0.0888208269525268	0.3950995405819295	0.4058192955589586	12	15	15	20	887	major
887	887	ABC	n14op131_05	1812.0509746203827	1826	E	I	9	-1	8	-4	9	-6	0.0252525252525252	0.2104377104377104	0.0959595959595959	10	12	15	20	888	major
890	890	ABC	n16op135_01	1812.0509746203827	1826	F	I	9	-5	16	-11	10	-5	0.1040609137055837	0.4923857868020304	0.3350253807106599	14	27	15	20	891	major
891	891	ABC	n16op135_02	1812.0509746203827	1826	F	I	7	-1	12	-4	9	-3	0.0490463215258855	0.1852861035422343	0.103542234332425	8	16	12	20	892	major
892	892	ABC	n16op135_03	1812.0509746203827	1826	Db	I	10	-1	9	-4	10	-3	0.1853932584269663	0.4606741573033708	0.348314606741573	11	13	13	20	893	major
898	898	schubert_winterreise	n05	1828.0	1828	E	I	8	-5	7	-8	8	-5	0.3183673469387755	0.7428571428571429	0.3714285714285714	13	15	13	21	899	major
904	904	schubert_winterreise	n11	1828.0	1828	A	I	5	-5	8	-10	8	-5	0.0238095238095238	0.8809523809523809	0.1666666666666666	10	18	13	21	905	major
906	906	schubert_winterreise	n13	1828.0	1828	Eb	I	7	-2	9	-4	7	-3	0.09009009009009	0.5945945945945946	0.1261261261261261	9	13	10	21	907	major
909	909	schubert_winterreise	n16	1828.0	1828	Eb	I	9	-1	12	-5	9	-5	0.099009900990099	1.7326732673267329	0.2475247524752475	10	17	14	21	910	major
910	910	schubert_winterreise	n17	1828.0	1828	D	I	7	-4	12	-9	11	-4	0.1875	1.0089285714285714	0.5178571428571429	11	21	15	21	911	major
912	912	schubert_winterreise	n19	1828.0	1828	A	I	4	0	10	-3	6	0	0.0	0.5151515151515151	0.0454545454545454	4	13	6	21	913	major
914	914	schubert_winterreise	n21	1828.0	1828	F	I	8	-3	8	-5	8	-3	0.1503267973856209	0.6013071895424836	0.2287581699346405	11	13	11	21	915	major
916	916	schubert_winterreise	n23	1828.0	1828	A	I	4	-4	8	-5	8	-4	0.0	0.5862068965517241	0.0689655172413793	8	13	12	21	917	major
918	918	mendelssohn_quartets	02op13a	1835.8707229487093	1827	A	I	7	-5	11	-6	7	-6	0.4350567465321563	0.9558638083228248	0.5359394703656999	12	17	13	22	919	major
919	919	mendelssohn_quartets	02op13b	1835.8707229487093	1827	F	I	6	-6	9	-12	7	-6	0.3088235294117647	0.8125	0.4264705882352941	12	21	13	22	920	major
922	922	mendelssohn_quartets	01op12a	1835.8707229487093	1829	Eb	I	10	-4	10	-6	10	-6	0.1901931649331352	0.7147102526002972	0.2466567607726597	14	16	16	22	923	major
924	924	mendelssohn_quartets	01op12c	1835.8707229487093	1829	Bb	I	10	-2	9	-3	10	-2	0.2452830188679245	0.3066037735849056	0.3396226415094339	12	12	12	22	925	major
927	927	mendelssohn_quartets	04op44,2b	1835.8707229487093	1837	E	I	8	-5	11	-5	8	-5	0.1338962605548854	0.48854041013269	0.1628468033775633	13	16	13	22	928	major
928	928	mendelssohn_quartets	04op44,2c	1835.8707229487093	1837	G	I	9	-2	8	-4	10	-3	0.1402439024390244	0.3414634146341463	0.4969512195121951	11	12	13	22	929	major
930	930	mendelssohn_quartets	03op44,1a	1835.8707229487093	1838	D	I	10	-5	9	-6	10	-6	0.2197070572569907	0.6351531291611185	0.5645805592543276	15	15	16	22	931	major
931	931	mendelssohn_quartets	03op44,1b	1835.8707229487093	1838	D	I	9	-5	7	-12	9	-6	0.3631713554987212	0.5447570332480819	0.7212276214833759	14	19	15	22	932	major
933	933	mendelssohn_quartets	03op44,1d	1835.8707229487093	1838	D	I	9	-5	8	-8	9	-8	0.4004884004884005	0.9194139194139194	0.5628815628815629	14	16	17	22	934	major
934	934	mendelssohn_quartets	05op44,3a	1835.8707229487093	1838	Eb	I	10	-3	11	-9	11	-4	0.328544061302682	0.6867816091954023	0.4377394636015325	13	20	15	22	935	major
936	936	mendelssohn_quartets	05op44,3c	1835.8707229487093	1838	Ab	I	8	-3	9	-9	9	-4	0.1714285714285714	0.8467532467532467	0.3038961038961039	11	18	13	22	937	major
937	937	mendelssohn_quartets	05op44,3d	1835.8707229487093	1838	Eb	I	9	-4	9	-9	9	-4	0.342	0.78	0.41	13	18	13	22	938	major
940	940	mendelssohn_quartets	06op80c	1835.8707229487093	1847	Ab	I	15	-3	15	-4	15	-3	0.4458762886597938	0.904639175257732	0.5773195876288659	18	19	18	22	941	major
942	942	chopin_mazurkas	BI16-1	1838.2307692307693	1826	G	I	6	-1	9	-3	8	-2	0.3265306122448979	0.7755102040816326	0.5306122448979592	7	12	10	23	943	major
943	943	chopin_mazurkas	BI16-2	1838.2307692307693	1826	Bb	I	7	0	9	-4	9	-2	0.0869565217391304	0.5217391304347826	0.391304347826087	7	13	11	23	944	major
945	945	chopin_mazurkas	BI34op68-3	1838.2307692307693	1830	F	I	9	-1	6	-3	9	-1	0.2476190476190476	0.3904761904761905	0.2857142857142857	10	9	10	23	946	major
946	946	chopin_mazurkas	BI38op68-1	1838.2307692307693	1830	C	I	5	-1	9	-4	10	-4	0.0	0.2941176470588235	0.4369747899159664	6	13	14	23	947	major
949	949	chopin_mazurkas	BI60-3op06-3	1838.2307692307693	1832	E	I	5	-1	7	-6	10	-1	0.0	0.3120567375886525	0.5460992907801419	6	13	11	23	950	major
951	951	chopin_mazurkas	BI61-1op07-1	1838.2307692307693	1832	Bb	I	6	-4	9	-4	6	-4	0.41	0.67	0.51	10	13	10	23	952	major
954	954	chopin_mazurkas	BI61-4op07-4	1838.2307692307693	1832	Ab	I	8	-1	9	-4	9	-1	0.0769230769230769	0.971153846153846	0.2692307692307692	9	13	10	23	955	major
955	955	chopin_mazurkas	BI61-5op07-5	1838.2307692307693	1832	C	I	3	0	5	-1	5	0	0.0	0.0	0.0	3	6	5	23	956	major
956	956	chopin_mazurkas	BI71	1838.2307692307693	1832	D	I	8	-1	10	-5	10	-2	0.0833333333333333	1.025	0.6833333333333333	9	15	12	23	957	major
957	957	chopin_mazurkas	BI73	1838.2307692307693	1832	Bb	I	5	-1	6	-1	6	-1	0.0	0.0714285714285714	0.0476190476190476	6	7	7	23	958	major
958	958	chopin_mazurkas	BI77-1op17-1	1838.2307692307693	1833	Bb	I	4	-2	9	-4	9	-2	0.018018018018018	0.7387387387387387	0.4594594594594595	6	13	11	23	959	major
960	960	chopin_mazurkas	BI77-3op17-3	1838.2307692307693	1833	Ab	I	6	-4	9	-4	9	-4	0.0669856459330143	1.0956937799043065	0.1531100478468899	10	13	13	23	961	major
963	963	chopin_mazurkas	BI89-2op24-2	1838.2307692307693	1833	C	I	8	-1	8	-4	8	-1	0.0929203539823008	0.2610619469026549	0.0663716814159292	9	12	9	23	964	major
964	964	chopin_mazurkas	BI89-3op24-3	1838.2307692307693	1833	Ab	I	9	-1	9	-4	9	-1	0.2203389830508474	0.6779661016949152	0.2203389830508474	10	13	10	23	965	major
966	966	chopin_mazurkas	BI85	1838.2307692307693	1834	Ab	I	5	-1	10	-4	10	-4	0.0	0.6162790697674418	0.4534883720930232	6	14	14	23	967	major
967	967	chopin_mazurkas	BI93-1op67-1	1838.2307692307693	1835	G	I	5	-1	9	-4	9	-1	0.0	0.3548387096774194	0.6451612903225806	6	13	10	23	968	major
968	968	chopin_mazurkas	BI93-2op67-3	1838.2307692307693	1835	C	I	6	-1	9	-4	11	-1	0.032258064516129	0.6666666666666666	1.2258064516129032	7	13	12	23	969	major
970	970	chopin_mazurkas	BI105-3op30-3	1838.2307692307693	1837	Db	I	8	-3	9	-6	12	-4	0.1835443037974683	1.1645569620253164	0.5316455696202531	11	15	16	23	971	major
973	973	chopin_mazurkas	BI115-2op33-2	1838.2307692307693	1838	D	I	2	-3	6	-7	9	-9	0.0673575129533678	0.3937823834196891	0.3316062176165803	5	13	18	23	974	major
974	974	chopin_mazurkas	BI115-3op33-3	1838.2307692307693	1838	C	I	4	-1	9	-4	10	-1	0.0	0.4137931034482758	0.5775862068965517	5	13	11	23	975	major
978	978	chopin_mazurkas	BI126-1op41-4	1838.2307692307693	1839	Ab	I	6	-2	9	-8	9	-5	0.0135135135135135	0.6756756756756757	0.8513513513513513	8	17	14	23	979	major
979	979	chopin_mazurkas	BI126-4op41-3	1838.2307692307693	1839	B	I	7	-8	8	-9	8	-9	0.55	1.2	1.4333333333333331	15	17	17	23	980	major
982	982	chopin_mazurkas	BI145-1op50-1	1838.2307692307693	1842	G	I	7	-4	9	-5	9	-5	0.2407407407407407	0.7546296296296297	0.3472222222222222	11	14	14	23	983	major
983	983	chopin_mazurkas	BI145-2op50-2	1838.2307692307693	1842	Ab	I	8	-4	9	-4	10	-4	0.1447368421052631	0.743421052631579	0.8881578947368421	12	13	14	23	984	major
985	985	chopin_mazurkas	BI153-1op56-1	1838.2307692307693	1844	B	I	10	-7	11	-10	10	-4	0.504524886877828	1.246606334841629	0.5180995475113123	17	21	14	23	986	major
986	986	chopin_mazurkas	BI153-2op56-2	1838.2307692307693	1844	C	I	5	-3	6	-4	6	-4	0.0384615384615384	0.5641025641025641	0.2435897435897435	8	10	10	23	987	major
989	989	chopin_mazurkas	BI157-2op59-2	1838.2307692307693	1845	Ab	I	11	-4	10	-5	11	-6	0.1826923076923076	1.0432692307692308	0.4615384615384615	15	15	17	23	990	major
991	991	chopin_mazurkas	BI162-1op63-1	1838.2307692307693	1846	B	I	9	-1	9	-4	9	-13	0.2071005917159763	0.6272189349112426	1.0236686390532543	10	13	22	23	992	major
997	997	schumann_kinderszenen	n01	1839.0	1839	G	I	6	-1	8	-3	6	-1	0.0930232558139534	0.2558139534883721	0.0930232558139534	7	11	7	24	998	major
998	998	schumann_kinderszenen	n02	1839.0	1839	D	I	5	-1	8	-1	10	-1	0.0	0.1176470588235294	0.453781512605042	6	9	11	24	999	major
1000	1000	schumann_kinderszenen	n04	1839.0	1839	D	I	6	-1	5	-5	6	-1	0.0754716981132075	0.9056603773584906	0.1132075471698113	7	10	7	24	1001	major
1001	1001	schumann_kinderszenen	n05	1839.0	1839	D	I	5	-1	9	-4	5	-4	0.0	0.4634146341463415	0.1219512195121951	6	13	9	24	1002	major
1002	1002	schumann_kinderszenen	n06	1839.0	1839	A	I	9	-1	6	-2	9	-2	0.345679012345679	0.1234567901234567	0.382716049382716	10	8	11	24	1003	major
1003	1003	schumann_kinderszenen	n07	1839.0	1839	F	I	6	-3	8	-4	6	-3	0.0985915492957746	0.5070422535211268	0.1126760563380281	9	12	9	24	1004	major
1004	1004	schumann_kinderszenen	n08	1839.0	1839	F	I	6	-1	9	-4	7	-1	0.0606060606060606	0.5606060606060606	0.0909090909090909	7	13	8	24	1005	major
1005	1005	schumann_kinderszenen	n09	1839.0	1839	C	I	6	-1	9	-5	6	-1	0.1521739130434782	0.4130434782608695	0.217391304347826	7	14	7	24	1006	major
1009	1009	schumann_kinderszenen	n13	1839.0	1839	G	I	6	-1	5	-4	10	-3	0.7142857142857143	0.4897959183673469	0.9183673469387756	7	9	13	24	1010	major
1011	1011	schumann_liederkreis	op39n02	1840.0	1840	A	I	7	-1	9	-3	10	-1	0.1212121212121212	0.6363636363636364	0.4242424242424242	8	12	11	25	1012	major
1012	1012	schumann_liederkreis	op39n03	1840.0	1840	E	I	7	-3	10	-6	10	-5	0.1037735849056603	0.5377358490566038	0.3584905660377358	10	16	15	25	1013	major
1013	1013	schumann_liederkreis	op39n04	1840.0	1840	G	I	6	-1	6	-3	10	-3	0.0943396226415094	0.2075471698113207	1.169811320754717	7	9	13	25	1014	major
1014	1014	schumann_liederkreis	op39n05	1840.0	1840	E	I	6	-1	8	-3	7	-4	0.0481927710843373	0.3373493975903614	0.4216867469879518	7	11	11	25	1015	major
1015	1015	schumann_liederkreis	op39n06	1840.0	1840	B	I	6	-1	7	-4	6	-1	0.0735294117647058	0.6029411764705882	0.0735294117647058	7	11	7	25	1016	major
1018	1018	schumann_liederkreis	op39n09	1840.0	1840	E	I	6	-3	9	-4	9	-2	0.0581395348837209	0.4767441860465116	0.1395348837209302	9	13	11	25	1019	major
1020	1020	schumann_liederkreis	op39n11	1840.0	1840	A	I	5	-1	7	-4	7	-6	0.0	0.2238805970149253	0.1492537313432835	6	11	13	25	1021	major
1021	1021	schumann_liederkreis	op39n12	1840.0	1840	F#	I	6	-1	10	-4	10	-2	0.0185185185185185	0.9629629629629628	0.4444444444444444	7	14	12	25	1022	major
1022	1022	c_schumann_lieder	op13no1 Ich stand in dunklen Traumen	1848.1077981651376	1844	Eb	I	9	-1	13	-4	10	-1	0.1666666666666666	0.6372549019607843	0.3333333333333333	10	17	11	26	1023	major
1024	1024	c_schumann_lieder	op13no3 Liebeszauber	1848.1077981651376	1844	Eb	I	10	-2	9	-4	10	-2	0.1870967741935484	0.632258064516129	0.1935483870967742	12	13	12	26	1025	major
1025	1025	c_schumann_lieder	op13no4 Der Mond kommt still gegangen	1848.1077981651376	1844	Db	I	8	-1	8	-4	8	-4	0.0833333333333333	0.3833333333333333	0.1333333333333333	9	12	12	26	1026	major
1026	1026	c_schumann_lieder	op13no5 Ich hab in deinem Auge	1848.1077981651376	1844	Ab	I	7	-1	9	-4	9	-3	0.073394495412844	0.7155963302752294	0.2201834862385321	8	13	12	26	1027	major
1027	1027	c_schumann_lieder	op13no6 Die stille Lotosblume	1848.1077981651376	1844	Ab	I	9	-4	10	-5	9	-5	0.3247863247863248	0.7350427350427351	0.4102564102564102	13	15	14	26	1028	major
1028	1028	c_schumann_lieder	op23no1 Was weinst du Blumlein	1848.1077981651376	1853	A	I	8	-4	8	-4	8	-4	0.2941176470588235	0.3970588235294117	0.2720588235294117	12	12	12	26	1029	major
1029	1029	c_schumann_lieder	op23no2 An einem lichten Morgen	1848.1077981651376	1853	F	I	8	-1	9	-4	8	-1	0.25	0.7613636363636364	0.2613636363636363	9	13	9	26	1030	major
1030	1030	c_schumann_lieder	op23no3 Geheimes Flustern hier und dort	1848.1077981651376	1853	Db	I	9	-1	11	-5	9	-1	0.2972972972972973	1.7837837837837838	0.3513513513513513	10	16	10	26	1031	major
1032	1032	c_schumann_lieder	op23no5 Das ist ein Tag der klingen mag	1848.1077981651376	1853	D	I	8	-1	7	-1	8	-1	0.0336134453781512	0.0252100840336134	0.1008403361344537	9	8	9	26	1033	major
1033	1033	c_schumann_lieder	op23no6 O Lust o Lust	1848.1077981651376	1853	Eb	I	10	-1	9	-4	10	-1	0.2444444444444444	0.6444444444444445	0.2444444444444444	11	13	11	26	1034	major
1034	1034	liszt_pelerinage	160.01_Chapelle_de_Guillaume_Tell	1857.079674150606	1855	C	I	8	-6	10	-8	11	-7	0.5058139534883721	1.1453488372093024	0.9186046511627908	14	18	18	27	1035	major
1035	1035	liszt_pelerinage	160.02_Au_Lac_de_Wallenstadt	1857.079674150606	1855	Ab	I	6	-1	10	-5	13	-12	0.0238095238095238	0.7023809523809523	1.0952380952380951	7	15	25	27	1036	major
1036	1036	liszt_pelerinage	160.03_Pastorale	1857.079674150606	1855	E	I	1	-1	5	-2	3	-2	0.0	0.096938775510204	0.0561224489795918	2	7	5	27	1037	major
1037	1037	liszt_pelerinage	160.04_Au_Bord_dUne_Source	1857.079674150606	1855	Ab	I	10	-5	10	-10	17	-5	0.1397849462365591	0.9548387096774194	0.7204301075268817	15	20	22	27	1038	major
1040	1040	liszt_pelerinage	160.07_Eglogue	1857.079674150606	1855	Ab	I	7	-2	11	-4	7	-2	0.0560747663551401	0.2242990654205607	0.0607476635514018	9	15	9	27	1041	major
1042	1042	liszt_pelerinage	160.09_Les_Cloches_de_Geneve_(Nocturne)	1857.079674150606	1855	B	I	7	-10	9	-13	9	-12	0.3990147783251231	1.0049261083743843	0.9359605911330048	17	22	21	27	1043	major
1043	1043	liszt_pelerinage	161.01_Sposalizio	1857.079674150606	1858	E	I	7	-9	10	-8	7	-9	0.189873417721519	0.5358649789029536	0.2827004219409282	16	18	16	27	1044	major
1045	1045	liszt_pelerinage	161.03_Canzonetta_del_Salvator_Rosa	1857.079674150606	1858	A	I	5	-4	6	-5	7	-4	0.0966542750929368	0.4312267657992565	0.1635687732342007	9	11	11	27	1046	major
1046	1046	liszt_pelerinage	161.04_Sonetto_47_del_Petrarca	1857.079674150606	1858	Db	bVI	10	-5	8	-5	22	-5	0.618421052631579	0.8947368421052632	17.86842105263158	15	13	27	27	1047	major
1047	1047	liszt_pelerinage	161.05_Sonetto_104_del_Petrarca	1857.079674150606	1858	E	I	7	-6	9	-7	10	-9	0.4793388429752066	1.2396694214876034	2.43801652892562	13	16	19	27	1048	major
1048	1048	liszt_pelerinage	161.06_Sonetto_123_del_Petrarca	1857.079674150606	1858	Ab	I	8	-4	12	-9	17	-5	0.4589041095890411	1.9315068493150684	2.5821917808219177	12	21	22	27	1049	major
1049	1049	liszt_pelerinage	161.07_Apres_une_lecture_du_Dante	1857.079674150606	1858	D	bV	10	-9	16	-12	17	-14	0.7369255150554676	2.1870047543581617	3.318541996830428	19	28	31	27	1050	major
1050	1050	liszt_pelerinage	162.01_Gondoliera	1857.079674150606	1861	F#	I	6	-4	9	-4	10	-5	0.0862068965517241	0.8017241379310345	0.7155172413793104	10	13	15	27	1051	major
1054	1054	wagner_overtures	WWV096-Meistersinger_01_Vorspiel-Prelude_SchottKleinmichel	1864.9944134078207	1867	C	I	10	-4	13	-9	10	-7	0.2367194780987884	0.5806150978564771	0.570363466915191	14	22	17	28	1055	major
1055	1055	tchaikovsky_seasons	op37a01	1876.0	1876	A	I	6	-4	10	-9	10	-16	0.1916932907348242	1.0095846645367412	2.4568690095846644	10	19	26	29	1056	major
1056	1056	tchaikovsky_seasons	op37a02	1876.0	1876	D	I	6	-4	11	-4	10	-5	0.16	1.1236363636363635	0.32	10	15	15	29	1057	major
1058	1058	tchaikovsky_seasons	op37a04	1876.0	1876	Bb	I	7	-4	10	-6	10	-4	0.1400966183574879	1.1642512077294689	0.6908212560386473	11	16	14	29	1059	major
1059	1059	tchaikovsky_seasons	op37a05	1876.0	1876	G	I	9	-3	8	-5	10	-5	0.1623036649214659	0.6178010471204188	0.2460732984293193	12	13	15	29	1060	major
1061	1061	tchaikovsky_seasons	op37a07	1876.0	1876	Eb	I	5	-1	10	-4	10	-3	0.0171428571428571	0.6171428571428571	0.1885714285714285	6	14	13	29	1062	major
1063	1063	tchaikovsky_seasons	op37a09	1876.0	1876	G	I	9	-4	10	-4	17	-4	0.2395543175487465	0.7688022284122563	0.649025069637883	13	14	21	29	1064	major
1065	1065	tchaikovsky_seasons	op37a11	1876.0	1876	E	I	7	-1	6	-4	10	-4	0.1757575757575757	0.2181818181818181	0.7757575757575758	8	10	14	29	1066	major
1066	1066	tchaikovsky_seasons	op37a12	1876.0	1876	Ab	I	6	0	10	-9	25	-3	0.0115384615384615	1.2423076923076923	13.080769230769231	6	19	28	29	1067	major
1068	1068	dvorak_silhouettes	op08n02	1879.0	1879	Db	I	6	-4	7	-4	15	-4	0.0746268656716417	0.3432835820895522	1.0597014925373134	10	11	19	30	1069	major
1069	1069	dvorak_silhouettes	op08n03	1879.0	1879	Db	I	8	-1	12	-8	10	-1	0.1092436974789916	0.5714285714285714	0.2605042016806723	9	20	11	30	1070	major
1072	1072	dvorak_silhouettes	op08n06	1879.0	1879	Bb	I	6	-1	5	-4	6	-5	0.0353982300884955	1.106194690265487	0.168141592920354	7	9	11	30	1073	major
1073	1073	dvorak_silhouettes	op08n07	1879.0	1879	D	I	5	-4	8	-4	5	-4	0.0718562874251497	0.2514970059880239	0.0718562874251497	9	12	9	30	1074	major
1075	1075	dvorak_silhouettes	op08n09	1879.0	1879	B	ii	2	-1	6	-3	2	-1	0.0	0.5154639175257731	0.0	3	9	3	30	1076	major
1076	1076	dvorak_silhouettes	op08n10	1879.0	1879	G	I	5	-4	8	-4	8	-4	0.0679611650485436	0.4951456310679611	0.2621359223300971	9	12	12	30	1077	major
1077	1077	dvorak_silhouettes	op08n11	1879.0	1879	A	I	6	-6	9	-8	10	-6	0.2386363636363636	0.7613636363636364	0.6931818181818182	12	17	16	30	1078	major
1079	1079	grieg_lyric_pieces	op12n01	1890.3354624738972	1867	Eb	I	8	-4	9	-4	8	-4	0.0697674418604651	1.0232558139534884	0.2790697674418604	12	13	12	31	1080	major
1081	1081	grieg_lyric_pieces	op12n03	1890.3354624738972	1867	E	I	5	-5	8	-4	5	-5	0.0194174757281553	0.174757281553398	0.0194174757281553	10	12	10	31	1082	major
1084	1084	grieg_lyric_pieces	op12n06	1890.3354624738972	1867	D	I	3	-1	5	-4	3	-1	0.0	0.3884297520661157	0.0	4	9	4	31	1085	major
1086	1086	grieg_lyric_pieces	op12n08	1890.3354624738972	1867	Eb	I	7	-1	8	-4	7	-1	0.1538461538461538	0.4487179487179487	0.1538461538461538	8	12	8	31	1087	major
1088	1088	grieg_lyric_pieces	op38n01	1890.3354624738972	1883	G	I	6	-6	7	-9	7	-4	0.4714285714285714	0.5	0.6214285714285714	12	16	11	31	1089	major
1090	1090	grieg_lyric_pieces	op38n03	1890.3354624738972	1883	C	I	7	-5	10	-7	7	-8	0.3908045977011494	1.057471264367816	0.632183908045977	12	17	15	31	1091	major
1092	1092	grieg_lyric_pieces	op38n05	1890.3354624738972	1883	G	I	5	-1	9	-2	5	-1	0.0	0.2608695652173913	0.0	6	11	6	31	1093	major
1095	1095	grieg_lyric_pieces	op43n01	1890.3354624738972	1886	A	I	7	-3	8	-4	10	-3	0.2941176470588235	0.8333333333333334	1.5784313725490196	10	12	13	31	1096	major
1097	1097	grieg_lyric_pieces	op43n03	1890.3354624738972	1886	F#	I	3	-1	10	-2	8	-1	0.0	0.1727272727272727	0.109090909090909	4	12	9	31	1098	major
1099	1099	grieg_lyric_pieces	op43n05	1890.3354624738972	1886	F	I	9	-5	10	-4	9	-5	0.3302752293577982	0.7339449541284404	0.2752293577981651	14	14	14	31	1100	major
1100	1100	grieg_lyric_pieces	op43n06	1890.3354624738972	1886	F#	I	6	-5	12	-8	8	-7	0.1653543307086614	1.4251968503937007	0.3385826771653543	11	20	15	31	1101	major
1102	1102	grieg_lyric_pieces	op47n02	1890.3354624738972	1888	F	I	6	-5	10	-5	11	-5	0.0944444444444444	1.3722222222222222	0.9722222222222222	11	15	16	31	1103	major
1104	1104	grieg_lyric_pieces	op47n04	1890.3354624738972	1888	D	I	1	0	5	-1	8	0	0.0	0.0	0.7142857142857143	1	6	8	31	1105	major
1106	1106	grieg_lyric_pieces	op47n06	1890.3354624738972	1888	G	I	9	-3	6	-2	8	-3	0.216867469879518	0.1927710843373494	0.1927710843373494	12	8	11	31	1107	major
1109	1109	grieg_lyric_pieces	op54n02	1890.3354624738972	1891	C	I	9	-4	9	-4	9	-5	0.1608391608391608	0.4405594405594406	0.2797202797202797	13	13	14	31	1110	major
1111	1111	grieg_lyric_pieces	op54n04	1890.3354624738972	1891	C	I	6	-5	9	-8	8	-5	0.2967032967032967	1.8021978021978025	0.7472527472527473	11	17	13	31	1112	major
1113	1113	grieg_lyric_pieces	op54n06	1890.3354624738972	1891	C	I	4	-1	14	-2	7	-1	0.0	1.0058479532163742	0.0701754385964912	5	16	8	31	1114	major
1115	1115	grieg_lyric_pieces	op57n02	1890.3354624738972	1893	A	I	9	-5	9	-6	9	-9	0.3166666666666666	0.6888888888888889	1.5944444444444446	14	15	18	31	1116	major
1117	1117	grieg_lyric_pieces	op57n04	1890.3354624738972	1893	G	I	5	-4	9	-7	11	-4	0.0956521739130434	1.556521739130435	1.930434782608696	9	16	15	31	1118	major
1118	1118	grieg_lyric_pieces	op57n05	1890.3354624738972	1893	C	I	6	-4	9	-9	9	-3	0.185929648241206	1.4924623115577889	0.5829145728643216	10	18	12	31	1119	major
1121	1121	grieg_lyric_pieces	op62n02	1890.3354624738972	1895	G	I	5	-6	9	-8	9	-6	0.1419753086419753	1.0	0.3765432098765432	11	17	15	31	1122	major
1122	1122	grieg_lyric_pieces	op62n03	1890.3354624738972	1895	A	I	5	-1	6	-2	7	-2	0.0	0.1505376344086021	0.1290322580645161	6	8	9	31	1123	major
1124	1124	grieg_lyric_pieces	op62n05	1890.3354624738972	1895	A	I	5	-3	12	-4	5	-10	0.3111111111111111	2.0444444444444443	6.4	8	16	15	31	1125	major
1125	1125	grieg_lyric_pieces	op62n06	1890.3354624738972	1895	E	I	5	-5	7	-7	5	-5	0.7572254335260116	1.0635838150289016	0.7687861271676301	10	14	10	31	1126	major
1127	1127	grieg_lyric_pieces	op65n02	1890.3354624738972	1896	A	I	7	-2	6	-5	7	-2	0.2362204724409448	0.5196850393700787	0.1574803149606299	9	11	9	31	1128	major
1129	1129	grieg_lyric_pieces	op65n04	1890.3354624738972	1896	A	I	6	-5	10	-7	9	-13	0.5803571428571429	2.133928571428572	5.035714285714286	11	17	22	31	1130	major
1131	1131	grieg_lyric_pieces	op65n06	1890.3354624738972	1896	D	I	5	-2	9	-4	12	-7	0.0094339622641509	0.2594339622641509	2.7547169811320757	7	13	19	31	1132	major
1132	1132	grieg_lyric_pieces	op68n01	1890.3354624738972	1899	C	I	9	-1	9	-1	6	-1	0.064516129032258	0.1032258064516129	0.0129032258064516	10	10	7	31	1133	major
1133	1133	grieg_lyric_pieces	op68n02	1890.3354624738972	1899	G	I	5	-1	8	-1	5	-1	0.0	0.2810810810810811	0.0	6	9	6	31	1134	major
1134	1134	grieg_lyric_pieces	op68n03	1890.3354624738972	1899	D	I	7	-5	10	-9	11	-14	0.2238805970149253	1.328358208955224	6.0	12	19	25	31	1135	major
1136	1136	grieg_lyric_pieces	op68n05	1890.3354624738972	1899	E	I	6	-4	13	-6	6	-4	0.0549450549450549	0.3736263736263736	0.0769230769230769	10	19	10	31	1137	major
1139	1139	grieg_lyric_pieces	op71n02	1890.3354624738972	1901	Db	I	5	-5	9	-9	13	-1	0.5233644859813084	2.869158878504673	2.5233644859813085	10	18	14	31	1140	major
1141	1141	grieg_lyric_pieces	op71n04	1890.3354624738972	1901	B	I	6	-6	8	-5	7	-6	0.1954022988505747	0.5287356321839081	0.3563218390804598	12	13	13	31	1142	major
1142	1142	grieg_lyric_pieces	op71n05	1890.3354624738972	1901	C	I	8	-4	10	-5	8	-4	0.1644736842105263	0.3092105263157895	0.1973684210526315	12	15	12	31	1143	major
1144	1144	grieg_lyric_pieces	op71n07	1890.3354624738972	1901	Eb	I	8	-4	9	-8	13	-4	0.2162162162162162	1.0675675675675675	1.0945945945945943	12	17	17	31	1145	major
1145	1145	ravel_piano	Ravel_-_Jeux_dEau	1903.8101851851848	1901	E	I	11	-7	11	-11	14	-7	0.4863813229571984	2.9883268482490277	1.3696498054474708	18	22	21	32	1146	major
1147	1147	ravel_piano	Ravel_-_Miroirs_IV._Alborada_del_gracioso	1903.8101851851848	1905	D	I	9	-6	11	-11	14	-8	0.3097826086956521	2.1222826086956523	1.2853260869565215	15	22	22	32	1148	major
1151	1151	mahler_kindertotenlieder	kindertotenlieder_04_oft_denk_ich	1904.0	1904	Eb	I	6	-5	7	-7	10	-5	0.5283018867924528	1.9433962264150944	2.7547169811320757	11	14	15	33	1152	major
1153	1153	debussy_suite_bergamasque	l075-01_suite_prelude	1905.0	1905	F	I	6	-4	8	-4	6	-4	0.0218978102189781	0.2664233576642336	0.0875912408759124	10	12	10	34	1154	major
1155	1155	debussy_suite_bergamasque	l075-03_suite_clair	1905.0	1905	Db	I	8	-3	9	-3	8	-3	0.14	0.2733333333333333	0.16	11	12	11	34	1156	major
1158	1158	bartok_bagatelles	op06n02	1908.0	1908	Db	I	12	-5	17	-8	17	-4	0.8214285714285714	6.107142857142857	4.857142857142857	17	25	21	35	1159	major
1163	1163	bartok_bagatelles	op06n07	1908.0	1908	C	I	9	-4	12	-8	10	-10	0.3669724770642202	2.834862385321101	2.412844036697248	13	20	20	35	1164	major
1164	1164	bartok_bagatelles	op06n08	1908.0	1908	B	I	7	-7	13	-13	5	-17	1.1764705882352942	3.838235294117647	8.279411764705882	14	26	22	35	1165	major
1165	1165	bartok_bagatelles	op06n09	1908.0	1908	B	I	4	-7	10	-9	11	-12	1.3953488372093024	2.8255813953488373	6.127906976744186	11	19	23	35	1166	major
1166	1166	bartok_bagatelles	op06n10	1908.0	1908	F	I	10	-6	13	-10	11	-7	0.7040358744394619	3.408071748878924	1.8565022421524664	16	23	18	35	1167	major
1170	1170	bartok_bagatelles	op06n14	1908.0	1908	D	I	10	-7	15	-10	15	-10	0.9846153846153848	2.8205128205128207	4.21025641025641	17	25	25	35	1171	major
1173	1173	medtner_tales	op26n01	1918.2984935549	1912	Eb	I	7	-5	11	-6	7	-6	0.2166666666666666	0.5666666666666667	0.3833333333333333	12	17	13	36	1174	major
1174	1174	medtner_tales	op26n02	1918.2984935549	1912	Eb	I	9	-4	16	-4	12	-7	0.3950617283950617	0.8641975308641975	1.0925925925925926	13	20	19	36	1175	major
1181	1181	medtner_tales	op35n01	1918.2984935549	1917	C	I	8	-6	12	-8	12	-8	0.237037037037037	1.5037037037037038	0.7222222222222222	14	20	20	36	1182	major
1182	1182	medtner_tales	op35n02	1918.2984935549	1917	G	I	8	-7	10	-8	9	-8	0.2105263157894736	0.8205741626794258	0.3803827751196172	15	18	17	36	1183	major
1188	1188	medtner_tales	op48n01	1918.2984935549	1925	C	I	9	-11	10	-13	12	-8	0.3236321303841676	1.3317811408614668	0.570430733410943	20	23	20	36	1189	major
1190	1190	poulenc_mouvements_perpetuels	01_assez_modere	1919.0	1919	Bb	I	1	0	9	-4	6	-5	0.0	0.9247311827956988	0.2580645161290322	1	13	11	37	1191	major
1192	1192	poulenc_mouvements_perpetuels	03_alerte	1919.0	1919	F	I	5	-1	6	-8	5	-1	0.0	1.1196581196581197	0.0	6	14	6	37	1193	major
1208	1208	rachmaninoff_piano	op42_14	1931.0	1931	Db	I	7	-2	12	-4	14	-2	0.1515151515151515	1.2727272727272727	0.9696969696969696	9	16	16	38	1209	major
1209	1209	rachmaninoff_piano	op42_15	1931.0	1931	Db	I	10	-2	10	-2	10	-2	0.2769230769230769	0.8461538461538461	1.2461538461538462	12	12	12	38	1210	major
1212	1212	schulhoff_suite_dansante_en_jazz	suite_dansante_en_jazz_1_stomp	1931.0	1931	E	I	5	-8	12	-9	10	-12	1.8888888888888888	5.033333333333333	6.544444444444444	13	21	22	39	1213	major
1214	1214	schulhoff_suite_dansante_en_jazz	suite_dansante_en_jazz_3_waltz	1931.0	1931	A	I	6	-9	12	-11	10	-11	1.1395348837209305	6.069767441860465	10.523255813953488	15	23	21	39	1215	major
1215	1215	schulhoff_suite_dansante_en_jazz	suite_dansante_en_jazz_4_tango	1931.0	1931	D	I	5	-8	12	-11	10	-10	1.0833333333333333	4.95	6.033333333333333	13	23	20	39	1216	major
1216	1216	schulhoff_suite_dansante_en_jazz	suite_dansante_en_jazz_5_slow	1931.0	1931	D	I	7	-6	12	-14	13	-8	0.6989247311827957	4.516129032258065	3.731182795698925	13	26	21	39	1217	major
1217	1217	schulhoff_suite_dansante_en_jazz	suite_dansante_en_jazz_6_fox-trot	1931.0	1931	E	I	4	-7	8	-11	9	-12	1.6226415094339623	6.339622641509434	9.320754716981131	11	19	21	39	1218	major
